"grave id","Context","Age_category","Sex","orientation","Depth_cm","Preservation","Excavation_year"
"G001","C1001","infant","F",,178,"GOOD",2023
"G002","C1002","infant","M","W-E",77,"fair",2021
"G003","C1003","adult","F","E-W",200,"GOOD",2023
"G004","C1004","infant","M","180",111,"Good",2021
"G005","C1005","mature","?","90",173,"Good",2020
"G006","C1006","child","M","180",109,"Good",2019
"G007","C1007","mature","F","W-E",93,"Poor",2023
"G008","C1008","adult","F","0",79,,2021
"G009","C1009","mature","M","270",86,"poor",2021
"G010","C1010","mature",,"E-W",167,"GOOD",2022
"G011","C1011","child","?","90",167,"good",2023
"G012","C1012","mature","F",,174,,2020
"G013","C1013","infant","M","N-S",199,"Good",2022
"G014","C1014","adult","","180",110,,2022
"G015","C1015","child","F","90",146,"Fair",2021
"G016","C1016","infant","F","N-S",169,"fair",2021
"G017","C1017",,"M","N-S",192,"GOOD",2022
"G018","C1018","adult","M","E-W",133,"Good",2021
"G019","C1019","child","F","W-E",70,"Good",2022
"G020","C1020","child","?","270",65,"poor",2023
"G021","C1021","infant","F","270",141,"Good",2023
"G022","C1022","adult","F","E-W",83,"Good",2019
"G023","C1023",,"F","E-W",107,"Fair",2020
"G024","C1024","infant","F","90",116,"good",2020
"G025","C1025","adult","M","90",164,"good",2023
"G026","C1026","child","?","N-S",59,"fair",2019
"G027","C1027","adult","F","N-S",72,"Fair",2021
"G028","C1028","infant","F",,156,"good",2020
"G029","C1029","child",,"0",123,"Fair",2020
"G030","C1030","infant","M","E-W",119,"Fair",2021
"G031","C1031","mature","?","270",150,"GOOD",2021
"G032","C1032","infant","F","0",75,"fair",2021
"G033","C1033","adult","F","90",185,"Poor",2020
"G034","C1034","mature","M","W-E",94,"poor",2022
"G035","C1035","adult","F","N-S",138,"poor",2022
"G036","C1036","infant","F","270",124,"Fair",2019
"G037","C1037","adult","F","270",120,"good",2023
"G038","C1038","adult","M","N-S",188,"Poor",2021
"G039","C1039","infant","M","N-S",123,"Fair",2022
"G040","C1040","mature","F","180",140,"good",2021
"G041","C1041","adult","M","270",92,"Good",2021
"G042","C1042","child","F","W-E",68,"Poor",2019
"G043","C1043","adult","M",,184,"Poor",2021
"G044","C1044",,"M","90",81,,2023
"G045","C1045","child","unknown",,133,"GOOD",2022
"G046","C1046",,"F","E-W",57,"fair",2021
"G047","C1047","infant","F","270",82,"poor",2023
"G048","C1048","mature","F","N-S",70,"GOOD",2022
"G049","C1049",,"M","N-S",144,"good",2020
"G050","C1050","mature","F","90",165,"fair",2023
"G051","C1051","adult","F","270",87,"poor",2020
"G052","C1052","adult","","N-S",69,"Good",2019
"G053","C1053","adult","F","E-W",90,,2021
"G054","C1054","mature","unknown",,162,"fair",2021
"G055","C1055","adult","M","E-W",83,"poor",2021
"G056","C1056","mature","M","270",108,"Good",2022
"G057","C1057","mature","F","W-E",153,"Good",2020
"G058","C1058","adult","M","W-E",121,"poor",2022
"G059","C1059","adult","F","0",86,"Fair",2023
"G060","C1060","child","F","90",128,"Poor",2023
"G061","C1061","mature","F","W-E",79,"Fair",2022
"G062","C1062",,"M",,138,,2020
"G063","C1063","mature","F","90",195,"Poor",2019
"G064","C1064","child","M","E-W",93,"fair",2022
"G065","C1065","infant","M","270",91,"Good",2019
"G066","C1066","adult","F","W-E",182,"good",2022
"G067","C1067","adult","M","W-E",171,"Fair",2020
"G068","C1068","infant","M","90",96,"Good",2019
"G069","C1069","mature","M","W-E",171,"Good",2020
"G070","C1070","adult","M","270",,"GOOD",2023
"G071","C1071","adult","F","N-S",102,"poor",2019
"G072","C1072","adult","F","180",150,,2019
"G073","C1073","adult","F","E-W",123,"Poor",2023
"G074","C1074","child","M","0",143,"Good",2022
"G075","C1075","adult","F","N-S",,"good",2019
"G076","C1076","mature","M","E-W",166,"poor",2019
"G077","C1077","adult","M","90",120,"fair",2020
"G078","C1078","adult","M","180",156,"Good",2021
"G079","C1079","child","F","270",125,"Fair",2022
"G080","C1080","adult","F","90",149,"fair",2023
"G081","C1081","child","M",,104,"Good",2022
"G082","C1082","adult","F","180",74,"Good",2021
"G083","C1083","adult","M","270",132,"poor",2023
"G084","C1084","mature","F","0",181,"Good",2021
"G085","C1085","mature","M","270",115,"fair",2023
"G086","C1086","child","?","180",190,"poor",2021
"G087","C1087","adult",,"270",50,,2020
"G088","C1088","adult","F","270",65,"GOOD",2023
"G089","C1089","adult","M",,67,"fair",2020
"G090","C1090","adult","M","270",69,"Poor",2019
"G091","C1091","mature","","0",192,"poor",2019
"G092","C1092","adult","F","W-E",192,"poor",2019
"G093","C1093","adult","","270",159,"Poor",2020
"G094","C1094","infant","unknown","90",112,,2019
"G095","C1095","infant","F","90",125,"good",2019
"G096","C1096","mature","M","0",59,,2020
"G097","C1097","adult","F","180",193,"good",2021
"G098","C1098","child","M","N-S",134,"Good",2019
"G099","C1099","mature","M","180",183,"Poor",2021
"G100","C1100","mature","M","90",120,,2019
"G101","C1101","mature","M","270",151,"Fair",2022
"G102","C1102","adult","M","E-W",111,"poor",2023
"G103","C1103","adult","F","270",71,"poor",2023
"G104","C1104","adult","F","90",127,"poor",2021
"G105","C1105","infant","F","W-E",153,"Good",2023
"G106","C1106",,"M","W-E",176,"GOOD",2023
"G107","C1107","mature","F","W-E",104,"Fair",2019
"G108","C1108","mature","","0",112,"fair",2023
"G109","C1109","child","unknown","90",122,"fair",2020
"G110","C1110","adult","F","270",98,"Poor",2020
"G111","C1111","mature","F","W-E",89,"fair",2023
"G112","C1112","infant","F","E-W",97,,2023
"G113","C1113","mature","?","W-E",111,"fair",2022
"G114","C1114","child","unknown","270",140,"Good",2022
"G115","C1115","child","F","N-S",133,"Fair",2022
"G116","C1116","child","F",,74,"good",2019
"G117","C1117","adult","M","E-W",92,"Good",2021
"G118","C1118","adult","","90",66,"fair",2020
"G119","C1119","mature","unknown","90",134,"GOOD",2020
"G120","C1120","infant","F","270",180,"fair",2019
"G121","C1121","adult","F","180",67,"Good",2020
"G122","C1122","child","M","0",103,"good",2023
"G123","C1123","child","M","W-E",170,"Fair",2022
"G124","C1124","child","F",,76,,2019
"G125","C1125","mature","F","0",136,,2021
"G126","C1126","adult","F","270",75,"good",2020
"G127","C1127","infant","M","90",156,"fair",2019
"G128","C1128",,"F","270",168,,2023
"G129","C1129","adult","F","W-E",60,,2021
"G130","C1130","mature","F","W-E",185,"Good",2019
"G131","C1131","infant","",,185,"Good",2021
"G132","C1132","mature","M","90",174,"fair",2021
"G133","C1133","mature","M","270",166,"Poor",2022
"G134","C1134","infant","F","270",122,"good",2020
"G135","C1135","infant","F","E-W",82,"good",2020
"G136","C1136","child","M","N-S",62,"Good",2020
"G137","C1137","infant","F","0",53,"poor",2022
"G138","C1138","adult","M","W-E",175,"fair",2019
"G139","C1139","mature","M","E-W",185,"Fair",2021
"G140","C1140","mature","F","N-S",51,"poor",2023
"G141","C1141","adult","M","90",188,"Good",2022
"G142","C1142","adult","M","270",162,"Fair",2021
"G143","C1143","child","F",,185,"good",2019
"G144","C1144","mature","F","270",153,"Fair",2022
"G145","C1145","mature","M",,116,,2021
"G146","C1146","infant","F","W-E",200,"fair",2021
"G147","C1147","adult","?","E-W",109,,2023
"G148","C1148","infant","M","W-E",167,"Poor",2020
"G149","C1149","adult","F","180",125,"Poor",2019
"G150","C1150","adult","","W-E",112,,2022
"G151","C1151","mature","F","N-S",59,"good",2023
"G152","C1152","adult","M","W-E",134,"Poor",2020
"G153","C1153","mature","M","90",114,"Good",2021
"G154","C1154","adult","","E-W",126,,2020
"G155","C1155","mature","M","W-E",154,"Poor",2022
"G156","C1156","mature","M","270",64,"Fair",2019
"G157","C1157","adult","F",,136,"Good",2022
"G158","C1158","adult","M","180",77,"Good",2023
"G159","C1159","adult","F","W-E",120,"good",2021
"G160","C1160","mature","F","0",172,"Fair",2022
"G161","C1161","infant","M","W-E",195,"GOOD",2022
"G162","C1162","child","M","0",93,"fair",2021
"G163","C1163","mature","M","180",189,"Good",2023
"G164","C1164","adult","M",,130,,2019
"G165","C1165","child",,"0",111,,2023
"G166","C1166","adult","M","180",197,"GOOD",2022
"G167","C1167","child","","270",70,"poor",2020
"G168","C1168","adult","M",,183,"Fair",2022
"G169","C1169","adult","M","0",64,"fair",2019
"G170","C1170","adult","F","E-W",61,"Poor",2021
"G171","C1171","mature","M","W-E",55,"GOOD",2019
"G172","C1172","child","M","W-E",158,"good",2020
"G173","C1173","child","F","180",90,"good",2021
"G174","C1174","child","M","0",123,,2020
"G175","C1175","child","F","W-E",102,"GOOD",2023
"G176","C1176","adult","M","E-W",107,"Poor",2019
"G177","C1177","infant","","N-S",89,"Fair",2023
"G178","C1178","child","M","W-E",111,"fair",2021
"G179","C1179","mature","F","180",117,"fair",2019
"G180","C1180","mature","M","E-W",100,"GOOD",2020
"G181","C1181","infant","F","180",108,"Fair",2020
"G182","C1182","infant","M","0",184,"Good",2021
"G183","C1183","adult","M","E-W",178,,2019
"G184","C1184","adult","F",,95,"GOOD",2023
"G185","C1185","mature","F","E-W",105,"poor",2023
"G186","C1186","mature","F","N-S",80,"fair",2023
"G187","C1187","infant","M","N-S",179,,2019
"G188","C1188","mature","F","90",175,"Good",2022
"G189","C1189","adult","M","N-S",108,"Poor",2020
"G190","C1190","adult","M","W-E",109,"fair",2023
"G191","C1191","adult","M","0",98,"Poor",2021
"G192","C1192","mature","M","180",110,"Good",2020
"G193","C1193","adult","F","E-W",60,"Poor",2023
"G194","C1194","adult","M",,125,,2019
"G195","C1195","adult","F","90",90,"fair",2020
"G196","C1196","adult","M","180",191,"poor",2021
"G197","C1197","child","M","270",180,"GOOD",2019
"G198","C1198","adult","M","180",113,"Fair",2022
"G199","C1199","mature","M",,120,"GOOD",2023
"G200","C1200","mature","M","E-W",106,"Fair",2021
"G201","C1201","infant","F",,56,,2019
"G202","C1202","child","F","180",73,,2021
"G203","C1203","infant","M","90",111,"Good",2023
"G204","C1204","child","M","0",189,"Good",2019
"G205","C1205","adult","?","270",102,"fair",2022
"G206","C1206","child","M","E-W",162,,2023
"G207","C1207",,"F","E-W",95,"Good",2021
"G208","C1208","child",,,141,"fair",2022
"G209","C1209","adult","F","180",196,,2023
"G210","C1210","adult","F","0",156,,2019
"G211","C1211","child",,"0",184,"good",2019
"G212","C1212","mature","M","N-S",114,"GOOD",2021
"G213","C1213","adult","M","N-S",71,"poor",2023
"G214","C1214","adult","F",,129,"Fair",2023
"G215","C1215","child","","0",195,"Poor",2019
"G216","C1216","infant","M","W-E",145,"Good",2019
"G217","C1217","child","unknown","180",121,"poor",2022
"G218","C1218","adult","unknown","0",195,"good",2021
"G219","C1219","child","?","270",131,"good",2023
"G220","C1220","infant","M",,74,,2022
"G221","C1221","child","F",,52,"poor",2021
"G222","C1222","adult","M","270",161,"good",2023
"G223","C1223","child",,"W-E",163,"good",2020
"G224","C1224",,"M","270",165,"poor",2019
"G225","C1225","adult","M","N-S",67,"poor",2023
"G226","C1226","infant","F",,189,"Good",2020
"G227","C1227","adult","M","E-W",65,"Poor",2022
"G228","C1228","adult","unknown","90",161,"fair",2021
"G229","C1229","adult","F","W-E",153,"good",2022
"G230","C1230","adult","M","180",72,"Fair",2023
"G231","C1231","adult","F","270",95,"good",2023
"G232","C1232","adult","F","270",163,"GOOD",2022
"G233","C1233","adult","","270",97,,2023
"G234","C1234","adult","F","W-E",159,"Poor",2023
"G235","C1235",,"","90",133,"fair",2020
"G236","C1236","infant","unknown","0",131,"poor",2019
"G237","C1237","adult","F","180",62,"fair",2023
"G238","C1238","infant","F","270",159,"poor",2023
"G239","C1239","child","M","180",162,"good",2020
"G240","C1240","child","M",,66,"Poor",2022
"G241","C1241","adult","unknown",,62,"fair",2021
"G242","C1242","child","M","E-W",171,"Poor",2021
"G243","C1243","adult","M","180",96,"Good",2019
"G244","C1244","adult","M","W-E",77,"Fair",2023
"G245","C1245","child","M","90",183,,2021
"G246","C1246","child","F","270",166,"Fair",2021
"G247","C1247","adult","F","270",61,,2023
"G248","C1248","adult","F","0",71,"poor",2022
"G249","C1249","child","M","0",75,"Fair",2023
"G250","C1250","infant","F","E-W",98,"GOOD",2023
"G251","C1251","adult","F","E-W",63,,2022
"G252","C1252","adult","M","E-W",181,"fair",2019
"G253","C1253","adult","M","0",95,"Good",2021
"G254","C1254","child","M","N-S",179,"Fair",2022
"G255","C1255","adult","M","N-S",144,"Good",2023
"G256","C1256","mature","F","N-S",158,"Good",2020
"G257","C1257","adult","M","W-E",129,"Fair",2021
"G258","C1258","child","F","180",74,"fair",2023
"G259","C1259","child","?",,165,"poor",2023
"G260","C1260","mature","M","N-S",192,"fair",2022
"G261","C1261","mature","F",,115,"Poor",2021
"G262","C1262","adult","?","0",179,"Good",2023
"G263","C1263","adult","M","90",148,,2019
"G264","C1264","infant","F","N-S",86,"Poor",2023
"G265","C1265","child","F","E-W",126,"GOOD",2023
"G266","C1266","adult","M","270",160,"GOOD",2021
"G267","C1267","infant",,"270",159,"Fair",2019
"G268","C1268","adult",,"W-E",122,"Fair",2022
"G269","C1269","infant","F","90",96,"good",2023
"G270","C1270","infant","M","E-W",200,"good",2023
"G271","C1271","adult","F","W-E",98,,2019
"G272","C1272","mature","M","E-W",75,"Good",2021
"G273","C1273","child",,"270",169,,2022
"G274","C1274","adult","M","90",178,"Poor",2022
"G275","C1275","infant","F","270",113,"Fair",2023
"G276","C1276","adult","F","E-W",187,,2021
"G277","C1277","adult","M","270",157,"GOOD",2023
"G278","C1278","child","M","0",125,"poor",2023
"G279","C1279","child","F","N-S",123,"GOOD",2020
"G280","C1280","adult","M","0",150,,2021
"G281","C1281","child","F","0",180,"fair",2022
"G282","C1282","adult","F","180",89,"GOOD",2019
"G283","C1283","adult","F","N-S",83,"GOOD",2020
"G284","C1284",,"M","0",177,"GOOD",2023
"G285","C1285","adult","M",,136,"Fair",2021
"G286","C1286","adult","M","90",51,"Good",2023
"G287","C1287","child",,"180",121,"good",2022
"G288","C1288","adult","M",,150,"fair",2019
"G289","C1289","adult","unknown","180",93,"good",2021
"G290","C1290","adult","M","270",118,"fair",2019
"G291","C1291","infant","F","E-W",78,"Good",2023
"G292","C1292","mature","F","270",119,"good",2023
"G293","C1293","adult","M","90",126,"fair",2023
"G294","C1294","adult","M","N-S",174,"GOOD",2022
"G295","C1295","adult","F","N-S",179,"fair",2023
"G296","C1296","adult","F","180",127,"Poor",2019
"G297","C1297","mature","M","E-W",78,"Poor",2023
"G298","C1298","mature","F","0",122,"Poor",2021
"G299","C1299","adult","M","90",76,"good",2019
"G300","C1300","adult","unknown","W-E",175,"Good",2020
"G301","C1301","child","M","0",61,"fair",2021
"G302","C1302","child","F","E-W",102,"Poor",2020
"G303","C1303","adult","M","180",68,"Fair",2021
"G304","C1304","adult","F","0",74,,2023
"G305","C1305","infant",,"E-W",62,"poor",2019
"G306","C1306","infant","F","0",82,"GOOD",2019
"G307","C1307","adult","F","270",123,"Fair",2020
"G308","C1308","adult","F","90",114,"GOOD",2022
"G309","C1309","adult","F",,91,"good",2021
"G310","C1310","adult","F",,152,"Good",2019
"G311","C1311","adult","M",,55,"good",2023
"G312","C1312",,"F","N-S",55,"good",2019
"G313","C1313","child","F","W-E",53,"Fair",2022
"G314","C1314","adult","F","270",60,,2019
"G315","C1315","adult","?","270",88,"GOOD",2019
"G316","C1316","infant","M","N-S",53,"Poor",2019
"G317","C1317","adult","","E-W",96,"Poor",2019
"G318","C1318","mature","M","90",59,"Poor",2023
"G319","C1319","infant","F","E-W",159,"Good",2023
"G320","C1320",,"M","W-E",54,"Poor",2019
"G321","C1321","child",,"90",117,"fair",2022
"G322","C1322","adult","M","E-W",101,"fair",2023
"G323","C1323","adult","M","W-E",108,"GOOD",2022
"G324","C1324","adult","F","90",160,"GOOD",2023
"G325","C1325","child","F","N-S",145,"Poor",2020
"G326","C1326","infant","unknown","W-E",152,,2019
"G327","C1327","adult","F","W-E",109,"Poor",2020
"G328","C1328","infant","M","270",164,"good",2021
"G329","C1329","mature","M","90",138,"Poor",2021
"G330","C1330","mature","F","N-S",178,"fair",2022
"G331","C1331","infant","?","N-S",158,"Poor",2021
"G332","C1332","adult","M","90",92,"Poor",2022
"G333","C1333","adult","F","N-S",139,"good",2022
"G334","C1334","adult","?","0",142,"fair",2023
"G335","C1335","mature","F","E-W",111,"Good",2022
"G336","C1336","child","M","E-W",59,"fair",2019
"G337","C1337","child","","0",165,"fair",2020
"G338","C1338","adult","F","E-W",95,"good",2021
"G339","C1339","infant","F","0",60,"Poor",2022
"G340","C1340","adult","F","0",98,"fair",2020
"G341","C1341","child","F","0",89,"good",2021
"G342","C1342","adult","M","W-E",178,"GOOD",2019
"G343","C1343","mature","F","E-W",50,"poor",2021
"G344","C1344","adult","F","N-S",52,"Good",2023
"G345","C1345","adult","F","W-E",192,"Fair",2021
"G346","C1346","adult","F","270",200,,2022
"G347","C1347",,,"N-S",168,"good",2019
"G348","C1348","adult","F",,174,,2023
"G349","C1349","infant","M","N-S",141,"good",2020
"G350","C1350","infant","M","180",72,"fair",2021
"G351","C1351","child","F","90",185,,2021
"G352","C1352","child","M","E-W",98,,2022
"G353","C1353","adult",,"0",109,"fair",2021
"G354","C1354","adult","F","180",172,"good",2019
"G355","C1355","mature","F",,179,,2023
"G356","C1356","child","M","180",82,"Poor",2021
"G357","C1357","mature",,"E-W",142,"poor",2020
"G358","C1358",,"M",,66,,2020
"G359","C1359","child","M","W-E",96,,2019
"G360","C1360","child","F","90",50,"good",2023
"G361","C1361","child","F",,200,"Fair",2022
"G362","C1362","mature","M","N-S",108,,2020
"G363","C1363","adult","M","270",1500,"Fair",2022
"G364","C1364",,,"0",87,,2021
"G365","C1365","mature","M","180",157,"GOOD",2021
"G366","C1366","child","F","N-S",95,"Poor",2023
"G367","C1367","mature","M","W-E",198,"Good",2021
"G368","C1368","infant","F","270",72,"Poor",2021
"G369","C1369","adult","M","W-E",120,,2019
"G370","C1370","adult","?","270",133,"fair",2023
"G371","C1371","adult","M","180",95,"good",2019
"G372","C1372","adult","F","E-W",200,"Fair",2023
"G373","C1373","mature","M",,111,"GOOD",2020
"G374","C1374","adult","F","W-E",150,"good",2020
"G375","C1375","mature","F","N-S",185,"GOOD",2023
"G376","C1376",,"M","90",176,,2019
"G377","C1377","adult","F","270",131,"GOOD",2023
"G378","C1378","adult","M","180",191,"fair",2022
"G379","C1379","adult","M","N-S",184,,2019
"G380","C1380","infant","M","180",145,"GOOD",2023
"G381","C1381","child","F",,87,"Poor",2019
"G382","C1382","child","F","90",147,,2020
"G383","C1383","adult","M","N-S",192,"Good",2021
"G384","C1384","adult","M","E-W",135,"GOOD",2019
"G385","C1385","child","F","0",141,"Good",2021
"G386","C1386","infant","F","180",59,"GOOD",2023
"G387","C1387","adult","F","270",79,"poor",2020
"G388","C1388",,"F","0",73,"GOOD",2023
"G389","C1389","adult","M","N-S",162,"Fair",2023
"G390","C1390","adult","F","180",152,"Good",2022
"G391","C1391","infant","F","N-S",189,"Good",2021
"G392","C1392","child","F","90",64,,2022
"G393","C1393","mature",,"W-E",174,"Fair",2020
"G394","C1394","adult","M","N-S",81,"Fair",2019
"G395","C1395","mature","F","180",122,"Good",2019
"G396","C1396","child","M","180",63,"good",2021
"G397","C1397",,"M","270",106,"fair",2020
"G398","C1398","infant","M","270",83,"Poor",2019
"G399","C1399","child",,"N-S",173,"Poor",2021
"G400","C1400","adult","F",,149,"poor",2021
"G401","C1401","adult","F","90",170,"GOOD",2021
"G402","C1402","child","unknown","W-E",192,"Good",2022
"G403","C1403","mature","F","0",69,"Good",2021
"G404","C1404","child","F","90",82,"GOOD",2020
"G405","C1405","infant","unknown","E-W",174,"Poor",2023
"G406","C1406","adult","M","180",97,"Fair",2020
"G407","C1407",,,"W-E",86,"Fair",2022
"G408","C1408","adult",,"W-E",200,"fair",2022
"G409","C1409","adult","M","0",117,"GOOD",2020
"G410","C1410","adult","?","E-W",187,"Good",2019
"G411","C1411","adult","F","W-E",69,"fair",2023
"G412","C1412","child","F","E-W",186,"Poor",2022
"G413","C1413","adult","M","0",109,,2019
"G414","C1414","mature","M",,163,"good",2022
"G415","C1415","adult","M","90",100,"fair",2019
"G416","C1416","adult","M","0",154,,2019
"G417","C1417","adult","M","N-S",164,"fair",2020
"G418","C1418","mature","F","W-E",107,"good",2021
"G419","C1419","child","M","E-W",137,"GOOD",2020
"G420","C1420","adult","F","0",198,"good",2022
"G421","C1421","adult","F","W-E",81,"GOOD",2022
"G422","C1422","child","M","0",128,"fair",2022
"G423","C1423",,"M","E-W",182,"good",2022
"G424","C1424","infant",,"W-E",138,"Fair",2021
"G425","C1425","child","unknown","180",128,"good",2020
"G426","C1426","adult","M","W-E",200,"fair",2021
"G427","C1427","child","F",,57,"Fair",2020
"G428","C1428","adult","F","180",81,"Fair",2022
"G429","C1429","mature","M","90",134,"fair",2019
"G430","C1430","child","M","E-W",200,"Good",2022
"G431","C1431","child","M","W-E",114,"good",2023
"G432","C1432","child","M","270",148,"poor",2023
"G433","C1433","child","unknown","N-S",97,"good",2023
"G434","C1434","adult","M","180",58,"GOOD",2021
"G435","C1435","infant","M","E-W",139,"poor",2020
"G436","C1436","adult","F","N-S",156,"GOOD",2022
"G437","C1437","child","M","180",131,"Fair",2020
"G438","C1438","adult","M","180",186,"poor",2023
"G439","C1439","adult",,"E-W",157,"poor",2020
"G440","C1440","child","M",,104,"poor",2019
"G441","C1441","mature","F","N-S",89,"Good",2020
"G442","C1442","infant","F","W-E",61,"Good",2019
"G443","C1443","adult","M","180",198,"Good",2021
"G444","C1444","infant","F","0",71,"Fair",2023
"G445","C1445","adult",,,127,"good",2019
"G446","C1446","child","F","W-E",174,"Good",2022
"G447","C1447","adult",,"90",123,"GOOD",2020
"G448","C1448","infant","F","N-S",97,"GOOD",2023
"G449","C1449","mature","F","270",183,"GOOD",2021
"G450","C1450","adult","F",,162,"Good",2021
"G451","C1451","child","M","90",69,"poor",2022
"G452","C1452","adult","F","E-W",94,"GOOD",2023
"G453","C1453","mature","M","N-S",153,"Poor",2022
"G454","C1454","mature","M","90",154,,2022
"G455","C1455","child","F","W-E",156,"poor",2020
"G456","C1456","adult","M","270",132,"fair",2023
"G457","C1457","adult","M","N-S",127,"Good",2023
"G458","C1458","mature","F","N-S",164,"fair",2023
"G459","C1459","infant","M","0",149,"Good",2020
"G460","C1460","infant","M","180",59,"GOOD",2019
"G461","C1461","adult","M","W-E",64,"fair",2019
"G462","C1462","adult","?",,65,"fair",2021
"G463","C1463","infant","M","0",70,"Good",2021
"G464","C1464","adult","M","180",189,"Fair",2020
"G465","C1465","adult","unknown","90",179,"good",2021
"G466","C1466","mature","F","90",142,"fair",2021
"G467","C1467","adult","?","E-W",156,,2019
"G468","C1468","adult","M","W-E",122,"Fair",2023
"G469","C1469","adult","M","180",191,"GOOD",2020
"G470","C1470","infant","M","N-S",81,"good",2021
"G471","C1471","adult","F","270",85,,2021
"G472","C1472","adult","M","90",68,"poor",2020
"G473","C1473","infant","M","90",59,"poor",2023
"G474","C1474",,"F",,139,"poor",2022
"G475","C1475","child","F","N-S",95,,2019
"G476","C1476","child","M","90",149,"fair",2022
"G477","C1477","child","M","90",168,"Fair",2023
"G478","C1478","infant","M","180",91,"fair",2019
"G479","C1479","adult","","0",131,"fair",2020
"G480","C1480","mature","M","0",118,"Fair",2021
"G481","C1481","adult","?","W-E",181,"Poor",2023
"G482","C1482","child","?","270",130,"Fair",2020
"G483","C1483","infant","M","E-W",76,"GOOD",2020
"G484","C1484","adult","F","E-W",53,"poor",2020
"G485","C1485","infant","M","W-E",92,"Good",2020
"G486","C1486","child","M","0",81,"poor",2022
"G487","C1487","infant","M","180",64,"Fair",2022
"G488","C1488","adult","F","0",2200,,2022
"G489","C1489","adult","F","180",161,"Fair",2019
"G490","C1490","adult","M","90",143,"poor",2021
"G491","C1491",,"F","180",51,"fair",2020
"G492","C1492","child","M","90",159,"Good",2020
"G493","C1493","infant","M","W-E",102,"GOOD",2019
"G494","C1494","child","F","270",148,"GOOD",2019
"G495","C1495","child","F",,118,"poor",2021
"G496","C1496","adult","M","0",183,"Good",2022
"G497","C1497","mature","F","180",75,"Good",2023
"G498","C1498","adult","?","90",135,,2022
"G499","C1499","adult","","0",139,"good",2023
"G500","C1500","adult","F","W-E",98,"GOOD",2021
"G501","C1501","adult","M","N-S",110,"fair",2022
"G502","C1502","adult","","0",190,"good",2022
"G503","C1503","child","M","W-E",198,"GOOD",2022
"G504","C1504","infant","M","180",136,"Poor",2020
"G505","C1505","adult","?","E-W",72,"Fair",2021
"G506","C1506","infant","F","W-E",93,"fair",2023
"G507","C1507","child","F","W-E",181,"good",2023
"G508","C1508","adult","F","180",107,"Good",2022
"G509","C1509","infant","M","0",138,"Poor",2019
"G510","C1510","adult","F","W-E",105,"fair",2019
"G511","C1511","adult","F","270",163,"Good",2020
"G512","C1512","mature","F","270",139,"Good",2023
"G513","C1513","adult","?","0",141,"GOOD",2020
"G514","C1514","adult","F","W-E",107,"fair",2019
"G515","C1515","child","M","N-S",137,"Fair",2021
"G516","C1516","adult","F","N-S",140,"poor",2021
"G517","C1517","adult","F","W-E",179,"GOOD",2022
"G518","C1518","adult","unknown","N-S",106,"Fair",2021
"G519","C1519","adult","M","0",59,"GOOD",2022
"G520","C1520","child","?","0",186,"Fair",2022
"G521","C1521","infant","M","90",200,"GOOD",2019
"G522","C1522","infant","M","180",75,"fair",2019
"G523","C1523","infant","?","E-W",188,"Fair",2023
"G524","C1524","adult","unknown","N-S",189,"good",2022
"G525","C1525","mature","M","90",147,"poor",2019
"G526","C1526","mature","F","180",172,,2019
"G527","C1527","adult","M","W-E",77,"good",2022
"G528","C1528","infant","M","N-S",107,"Poor",2023
"G529","C1529","child","M",,108,"good",2022
"G530","C1530","adult","F","90",154,,2022
"G531","C1531","infant","M","90",91,"good",2020
"G532","C1532","adult","F","W-E",54,"good",2023
"G533","C1533","mature","F","90",132,"good",2020
"G534","C1534","mature","F","N-S",79,"GOOD",2019
"G535","C1535","child","M","E-W",127,,2021
"G536","C1536","adult","M","E-W",148,"Fair",2023
"G537","C1537","adult","F","E-W",153,"good",2022
"G538","C1538","child","M","W-E",138,"Poor",2020
"G539","C1539","child","F","E-W",157,"fair",2021
"G540","C1540","adult","unknown","N-S",61,"Fair",2022
"G541","C1541","mature","M",,162,"Poor",2020
"G542","C1542",,"?","0",109,,2020
"G543","C1543","child","M","W-E",182,"GOOD",2019
"G544","C1544","adult","M","180",101,"fair",2021
"G545","C1545","child","F","W-E",51,"poor",2019
"G546","C1546","mature","M","180",127,"Good",2022
"G547","C1547","mature","M","180",50,"Poor",2020
"G548","C1548","adult",,"E-W",143,"poor",2023
"G549","C1549","adult","M","90",174,"Poor",2021
"G550","C1550","adult",,"E-W",171,"good",2021
"G551","C1551","infant","unknown","90",88,"poor",2021
"G552","C1552","adult","M","N-S",69,"good",2019
"G553","C1553","mature","M","270",62,"fair",2020
"G554","C1554","adult","M","180",66,"Good",2022
"G555","C1555","adult","","0",124,,2023
"G556","C1556","adult",,"W-E",76,,2020
"G557","C1557","infant","F","270",165,"good",2020
"G558","C1558","adult","F",,171,"Poor",2021
"G559","C1559","infant","F","270",161,"Good",2023
"G560","C1560","mature","F","N-S",175,"good",2021
"G561","C1561","mature","M","0",179,"good",2022
"G562","C1562","adult","F","90",151,"Poor",2020
"G563","C1563","adult","F","E-W",152,"poor",2023
"G564","C1564","adult","unknown","90",111,"poor",2020
"G565","C1565","adult","F","E-W",185,"Poor",2020
"G566","C1566","adult","F","W-E",87,"Good",2019
"G567","C1567","mature","M","90",170,"poor",2023
"G568","C1568","adult","unknown","270",161,"good",2023
"G569","C1569","child","M","180",59,"poor",2019
"G570","C1570","mature","F","0",71,"good",2023
"G571","C1571","mature","M",,157,"Good",2021
"G572","C1572","adult","F","W-E",129,"GOOD",2022
"G573","C1573",,"F","0",126,"fair",2019
"G574","C1574","adult","M","270",101,"good",2022
"G575","C1575","adult","M","90",68,"Good",2020
"G576","C1576","mature","F","0",190,"poor",2023
"G577","C1577","adult","F","270",181,,2021
"G578","C1578","adult","","180",158,"Fair",2022
"G579","C1579","mature","F","270",199,"poor",2021
"G580","C1580","child","F",,53,"good",2022
"G581","C1581","adult","M","E-W",199,"Poor",2023
"G582","C1582","infant","unknown","180",168,"poor",2023
"G583","C1583","mature","M","W-E",92,"Good",2021
"G584","C1584","mature",,"E-W",71,"Fair",2020
"G585","C1585","adult","M","270",181,"good",2020
"G586","C1586","child","?","W-E",113,"good",2021
"G587","C1587",,"M","180",138,"Fair",2020
"G588","C1588",,"F","N-S",191,"Poor",2019
"G589","C1589","child",,"270",63,"good",2021
"G590","C1590","mature","F","N-S",160,,2020
"G591","C1591","adult","F","270",193,"fair",2020
"G592","C1592","infant","M","N-S",182,"GOOD",2023
"G593","C1593","child","M","90",169,"Fair",2020
"G594","C1594",,,"90",141,"Good",2022
"G595","C1595","infant","F","90",176,"fair",2019
"G596","C1596","child","M","0",169,"good",2022
"G597","C1597","child","M","0",191,"Good",2022
"G598","C1598","adult","F",,136,"good",2021
"G599","C1599","adult","F","N-S",118,"poor",2022
"G600","C1600","child","F","90",131,"Poor",2019
"G601","C1601","child","F","W-E",143,"Fair",2023
"G602","C1602","adult","F",,110,"fair",2022
"G603","C1603","mature","M",,176,"GOOD",2023
"G604","C1604","adult","M","E-W",71,"poor",2022
"G605","C1605","child","","W-E",195,,2023
"G606","C1606","child","F","E-W",183,"fair",2023
"G607","C1607","mature","?","N-S",97,"Poor",2020
"G608","C1608","adult","F","90",163,"poor",2023
"G609","C1609","child","M","180",178,"GOOD",2023
"G610","C1610","child","","270",111,"fair",2020
"G611","C1611","child","M","90",190,"good",2023
"G612","C1612","child","F",,54,"poor",2023
"G613","C1613","mature","M","270",57,"Good",2020
"G614","C1614","adult","","90",124,"poor",2023
"G615","C1615","infant","?","180",178,"Fair",2021
"G616","C1616","infant","M","N-S",100,"GOOD",2021
"G617","C1617","adult","?","E-W",97,"fair",2019
"G618","C1618","adult","F","N-S",89,"Fair",2021
"G619","C1619","child","M","W-E",163,"Fair",2020
"G620","C1620","adult","F","E-W",98,"GOOD",2023
"G621","C1621","child","F","90",171,"good",2023
"G622","C1622","child","F","90",160,"fair",2023
"G623","C1623","adult","F","0",117,"GOOD",2022
"G624","C1624","mature","M","90",102,"fair",2019
"G625","C1625","adult",,"N-S",84,,2020
"G626","C1626","mature","unknown","N-S",106,"Good",2021
"G627","C1627","adult","F","W-E",66,"Fair",2020
"G628","C1628","child","M","W-E",164,"Fair",2021
"G629","C1629","mature",,"270",176,"fair",2019
"G630","C1630","child","M","W-E",58,"Fair",2020
"G631","C1631","adult","F","E-W",78,"GOOD",2023
"G632","C1632","adult","F","W-E",74,"GOOD",2022
"G633","C1633","adult","F","270",140,"poor",2023
"G634","C1634","adult","F","0",142,,2023
"G635","C1635","child","?","0",84,"good",2023
"G636","C1636","mature","?","0",132,,2023
"G637","C1637","adult","F","90",72,"Poor",2022
"G638","C1638","child","M","270",196,"Poor",2022
"G639","C1639","infant",,"N-S",59,"Poor",2022
"G640","C1640","mature","F","0",52,"fair",2021
"G641","C1641","adult","F",,115,"Poor",2023
"G642","C1642","adult","M","W-E",103,"fair",2022
"G643","C1643","child","",,97,"Poor",2020
"G644","C1644","infant","?","0",162,"Good",2019
"G645","C1645","child","F","0",128,,2021
"G646","C1646","mature","F","W-E",142,"fair",2023
"G647","C1647","child","unknown","180",145,"fair",2023
"G648","C1648","adult","?",,172,"Good",2019
"G649","C1649",,"F","0",178,"Good",2020
"G650","C1650","infant","F","E-W",112,"fair",2019
"G651","C1651","adult","F","E-W",85,"GOOD",2019
"G652","C1652",,"M","0",185,"GOOD",2020
"G653","C1653","infant","F","N-S",63,"Good",2023
"G654","C1654","mature","F","180",136,"Fair",2022
"G655","C1655","child","","180",161,,2019
"G656","C1656","child","M","W-E",84,"Fair",2023
"G657","C1657","adult","F","180",86,"poor",2020
"G658","C1658","adult","F","N-S",191,"Poor",2022
"G659","C1659","child","F","E-W",142,"Fair",2020
"G660","C1660","adult","?","E-W",174,"Poor",2021
"G661","C1661","mature","M","W-E",107,,2020
"G662","C1662","infant","M","0",134,"good",2021
"G663","C1663","adult","M","E-W",54,"GOOD",2021
"G664","C1664","infant","M","90",175,,2020
"G665","C1665","adult","M","E-W",54,"poor",2019
"G666","C1666","mature","M",,65,"fair",2021
"G667","C1667","child","?","E-W",191,"Fair",2019
"G668","C1668","child","M","W-E",105,"Poor",2021
"G669","C1669","infant","M","N-S",124,"Poor",2020
"G670","C1670","adult","","180",178,"good",2022
"G671","C1671","child","F","N-S",85,"good",2021
"G672","C1672","mature","F","90",198,"good",2019
"G673","C1673","adult","M","270",111,,2019
"G674","C1674","adult","M","0",142,"Poor",2022
"G675","C1675","adult","?","180",162,"GOOD",2022
"G676","C1676","adult","F","W-E",73,"poor",2023
"G677","C1677","adult","?","270",107,"good",2020
"G678","C1678","adult","M","E-W",174,,2019
"G679","C1679","adult","M","180",190,,2021
"G680","C1680","adult","F","W-E",115,"poor",2020
"G681","C1681","child","M","N-S",128,"Poor",2021
"G682","C1682","infant","","270",134,,2019
"G683","C1683","mature","M","W-E",72,"fair",2020
"G684","C1684",,"M","N-S",129,,2021
"G685","C1685","adult","M","0",98,"Poor",2021
"G686","C1686","infant","unknown","0",129,"GOOD",2022
"G687","C1687","adult","?","N-S",89,"Fair",2022
"G688","C1688","adult",,"180",146,"Fair",2022
"G689","C1689","mature","F","270",85,"GOOD",2021
"G690","C1690","child","M","N-S",192,,2019
"G691","C1691","mature","unknown",,188,"good",2021
"G692","C1692","adult","M","90",146,"GOOD",2020
"G693","C1693","infant","F","270",189,"fair",2020
"G694","C1694","infant","M","90",56,"Good",2023
"G695","C1695","adult",,"0",107,,2020
"G696","C1696","mature","F","E-W",190,"Good",2020
"G697","C1697","child","M","E-W",131,"GOOD",2023
"G698","C1698","infant","F","N-S",51,"Fair",2022
"G699","C1699","infant","M","N-S",163,"Fair",2021
"G700","C1700","child","","W-E",156,,2023
"G701","C1701","mature","M","E-W",181,"GOOD",2021
"G702","C1702","child","unknown","E-W",155,"GOOD",2021
"G703","C1703","adult","unknown","N-S",183,"Poor",2020
"G704","C1704","mature","",,79,"Good",2021
"G705","C1705","mature","F","E-W",70,"fair",2023
"G706","C1706","mature","?","0",69,"GOOD",2021
"G707","C1707","adult","unknown",,95,"GOOD",2020
"G708","C1708","adult","F","180",129,"fair",2023
"G709","C1709","adult","M","E-W",102,"Poor",2020
"G710","C1710","child","M","90",77,"Fair",2021
"G711","C1711","infant","","180",139,"GOOD",2019
"G712","C1712","infant","M","180",86,"fair",2022
"G713","C1713","adult","unknown",,170,"fair",2021
"G714","C1714","mature","F","90",106,"poor",2020
"G715","C1715","mature","M","0",193,"Good",2023
"G716","C1716","mature",,"180",178,"Good",2022
"G717","C1717","adult","M","180",129,"Good",2020
"G718","C1718","adult",,"E-W",128,"good",2019
"G719","C1719","adult","F","E-W",69,,2021
"G720","C1720","mature","M","90",161,"GOOD",2020
"G721","C1721","adult","F",,147,,2020
"G722","C1722","mature","M","W-E",75,,2022
"G723","C1723","adult","F",,51,"good",2021
"G724","C1724","adult","unknown","W-E",110,"poor",2020
"G725","C1725","adult","F","W-E",82,"poor",2022
"G726","C1726","infant","M","N-S",126,"Fair",2022
"G727","C1727","adult","M","180",103,"Fair",2022
"G728","C1728","child","M","0",106,"good",2022
"G729","C1729","child","M","E-W",179,"Good",2020
"G730","C1730","mature","F","90",138,"good",2023
"G731","C1731","child","M","90",130,"GOOD",2021
"G732","C1732",,,"E-W",133,"Poor",2022
"G733","C1733",,"M","270",119,"Good",2020
"G734","C1734","infant",,"180",135,"Fair",2019
"G735","C1735","adult","F",,51,"poor",2019
"G736","C1736","child","F",,153,"Fair",2021
"G737","C1737","adult","F","W-E",78,"poor",2022
"G738","C1738","mature","F","90",186,"good",2022
"G739","C1739","mature","",,53,"Poor",2022
"G740","C1740","infant","F","0",141,"good",2022
"G741","C1741","infant","M","180",97,"Poor",2019
"G742","C1742","child","F","0",75,"GOOD",2021
"G743","C1743","child","F","180",69,"fair",2020
"G744","C1744","infant","M","90",71,"poor",2020
"G745","C1745","infant","M","E-W",113,"Good",2020
"G746","C1746","child","F","270",141,"good",2023
"G747","C1747","adult","M",,163,"Good",2023
"G748","C1748","mature","M","0",177,"good",2021
"G749","C1749","infant","F",,81,"good",2021
"G750","C1750","adult","?","180",74,"good",2020
"G751","C1751","adult","M","N-S",160,,2020
"G752","C1752","adult","M",,128,"Poor",2022
"G753","C1753","adult","F","90",119,"Poor",2022
"G754","C1754","adult","M",,90,"Poor",2022
"G755","C1755","adult","M",,137,"Poor",2021
"G756","C1756","adult","","E-W",77,"poor",2021
"G757","C1757","child","M","270",67,"good",2019
"G758","C1758","adult","F","0",171,"Fair",2021
"G759","C1759",,"M","N-S",142,"fair",2019
"G760","C1760","infant",,"E-W",60,"Good",2023
"G761","C1761",,"F","W-E",126,"Fair",2023
"G762","C1762","mature","?","0",90,"fair",2023
"G763","C1763","adult","F","180",165,"Poor",2022
"G764","C1764","adult","","E-W",155,"Good",2022
"G765","C1765","mature","F","0",136,"poor",2020
"G766","C1766","mature","F","0",190,"poor",2019
"G767","C1767","infant","M","0",125,"Poor",2020
"G768","C1768","child","M","270",92,"Poor",2021
"G769","C1769","child","M","270",112,"Poor",2019
"G770","C1770","child","M","0",63,"Good",2019
"G771","C1771","child","M","W-E",200,"fair",2020
"G772","C1772","adult","","E-W",79,"Fair",2022
"G773","C1773","adult","F","E-W",104,"GOOD",2021
"G774","C1774","adult","","N-S",84,,2023
"G775","C1775","mature","F","180",90,"GOOD",2019
"G776","C1776","adult","F","90",177,"GOOD",2020
"G777","C1777","infant",,"N-S",55,"good",2019
"G778","C1778","infant","M","N-S",112,"fair",2023
"G779","C1779","mature","F","W-E",91,"good",2021
"G780","C1780",,,"0",145,,2021
"G781","C1781","mature","M","W-E",174,"good",2019
"G782","C1782","mature","M","270",149,,2019
"G783","C1783","adult","M","90",197,"Good",2022
"G784","C1784","adult","M","W-E",129,"GOOD",2023
"G785","C1785","mature",,"W-E",182,,2019
"G786","C1786","adult",,"N-S",51,"poor",2021
"G787","C1787","adult","F","W-E",79,"fair",2021
"G788","C1788","mature","F","180",123,"poor",2023
"G789","C1789","adult","","E-W",56,"good",2020
"G790","C1790","adult","?",,161,,2022
"G791","C1791","infant","F","E-W",193,"Fair",2019
"G792","C1792","adult","F",,187,"GOOD",2023
"G793","C1793","mature","?","0",114,"fair",2022
"G794","C1794","adult","M","E-W",135,"GOOD",2020
"G795","C1795","child","M","E-W",65,"Good",2020
"G796","C1796","adult","M","W-E",88,"good",2020
"G797","C1797","adult","M","90",167,"good",2021
"G798","C1798","adult","F","W-E",190,"fair",2023
"G799","C1799","infant","F",,196,"poor",2020
"G800","C1800","adult","M","E-W",187,"Good",2021
"G801","C1801","infant","?",,145,"poor",2022
"G802","C1802","infant","M","90",192,"Fair",2019
"G803","C1803","adult","F","N-S",115,"fair",2020
"G804","C1804","child","F","0",187,"fair",2020
"G805","C1805","child",,"90",111,"fair",2020
"G806","C1806","adult","M","0",111,"poor",2019
"G807","C1807","child","F","180",84,,2019
"G808","C1808","adult","M","W-E",124,"fair",2021
"G809","C1809","adult","M","E-W",104,"GOOD",2021
"G810","C1810","child","?","W-E",130,"fair",2022
"G811","C1811","adult","F","W-E",118,"GOOD",2023
"G812","C1812","infant","M","E-W",183,"Fair",2021
"G813","C1813","child","F","90",142,"poor",2023
"G814","C1814","mature","F","0",152,"fair",2019
"G815","C1815","mature","?",,77,"GOOD",2020
"G816","C1816","mature","M","270",74,"Good",2022
"G817","C1817","infant","M","N-S",163,"Poor",2020
"G818","C1818","adult","M",,98,"Good",2021
"G819","C1819","adult","M","270",67,"poor",2020
"G820","C1820","child","M","W-E",65,"poor",2021
"G821","C1821","adult","M","90",74,,2022
"G822","C1822","mature","F",,63,"GOOD",2021
"G823","C1823","adult","M","270",120,,2019
"G824","C1824","adult","F","W-E",134,"Good",2021
"G825","C1825","adult","M","E-W",125,"fair",2022
"G826","C1826",,"unknown","0",170,"Fair",2021
"G827","C1827","adult","M","90",86,,2020
"G828","C1828","adult","F","180",122,"Good",2023
"G829","C1829","adult","F",,191,"Fair",2021
"G830","C1830","adult","unknown","90",179,"Good",2023
"G831","C1831","adult","F","0",93,"Poor",2022
"G832","C1832","child",,"E-W",128,"good",2022
"G833","C1833","adult","M",,182,"Poor",2022
"G834","C1834","adult","M",,72,"Fair",2020
"G835","C1835","child","F","0",50,"Good",2022
"G836","C1836","mature","F","180",55,"fair",2022
"G837","C1837","adult","F","180",143,,2022
"G838","C1838","mature","M","90",175,"Fair",2022
"G839","C1839","infant","F","90",64,,2019
"G840","C1840","adult","F","E-W",180,"GOOD",2021
"G841","C1841","mature","F","90",86,"Fair",2019
"G842","C1842","infant","M","N-S",170,"Fair",2023
"G843","C1843","adult","F","90",86,"good",2022
"G844","C1844","child","M","270",86,"Poor",2019
"G845","C1845","child","F","180",140,"Good",2020
"G846","C1846","adult","F","90",57,"fair",2020
"G847","C1847","adult","M","180",128,"GOOD",2023
"G848","C1848","adult","F","0",51,,2019
"G849","C1849","infant","F","270",149,"Fair",2021
"G850","C1850","adult","F",,117,"fair",2021
"G851","C1851","child","?","90",194,"poor",2022
"G852","C1852","mature","F","0",131,"fair",2022
"G853","C1853","adult","M","0",54,"Good",2021
"G854","C1854","child","M","0",92,"Good",2023
"G855","C1855","mature","?","270",169,"good",2023
"G856","C1856","adult","F","90",162,"GOOD",2022
"G857","C1857","child","F","180",90,"fair",2020
"G858","C1858","infant","unknown","W-E",177,"poor",2021
"G859","C1859","child","F","N-S",191,"GOOD",2019
"G860","C1860","infant","F","180",147,"Good",2022
"G861","C1861",,"F","W-E",131,"GOOD",2023
"G862","C1862","mature","M","N-S",126,"fair",2023
"G863","C1863","adult",,"0",64,"good",2019
"G864","C1864","adult","M","E-W",103,,2022
"G865","C1865","adult","F",,170,"Poor",2022
"G866","C1866","infant","M","270",156,"GOOD",2020
"G867","C1867","adult","M","270",50,"Good",2023
"G868","C1868","adult","M","N-S",94,"poor",2021
"G869","C1869","child","F","N-S",163,"Good",2020
"G870","C1870","adult","M","N-S",65,"Poor",2019
"G871","C1871","infant","M",,159,"poor",2023
"G872","C1872","infant","M","N-S",130,"fair",2023
"G873","C1873","adult","M","W-E",161,"Good",2020
"G874","C1874","infant","F","0",186,"Poor",2023
"G875","C1875","child","M","270",159,"poor",2021
"G876","C1876","mature","F","270",142,"fair",2019
"G877","C1877","adult","F","W-E",181,"GOOD",2019
"G878","C1878","child","F","0",97,"Poor",2019
"G879","C1879","infant","M","270",184,"Poor",2020
"G880","C1880","child","M","E-W",155,"Good",2019
"G881","C1881","infant","F","180",60,"Poor",2021
"G882","C1882","mature","M","E-W",116,"Fair",2021
"G883","C1883","mature","M",,105,"Fair",2023
"G884","C1884","mature","F","W-E",175,"poor",2023
"G885","C1885","infant","F","180",118,"Fair",2019
"G886","C1886","adult","F","0",181,"Good",2020
"G887","C1887","adult","F","W-E",152,"Fair",2021
"G888","C1888","adult","F","270",107,"Fair",2023
"G889","C1889","infant","F","W-E",131,"Fair",2022
"G890","C1890","infant","F",,78,"fair",2023
"G891","C1891","adult","M","0",188,"fair",2020
"G892","C1892","child","F","E-W",165,"fair",2021
"G893","C1893","mature","?","W-E",132,"Good",2021
"G894","C1894","adult","F","180",96,"Poor",2019
"G895","C1895","adult","F","0",70,"GOOD",2022
"G896","C1896","infant","F","E-W",132,"Fair",2023
"G897","C1897","adult",,"W-E",53,"fair",2020
"G898","C1898","adult","F","180",52,"Fair",2023
"G899","C1899","mature",,"N-S",162,"GOOD",2022
"G900","C1900","mature",,"W-E",75,,2020
"G901","C1901","adult","F","W-E",149,"good",2022
"G902","C1902","adult","M","270",52,,2020
"G903","C1903","child","M","N-S",93,"fair",2019
"G904","C1904","adult","unknown","E-W",166,"fair",2022
"G905","C1905","child","F","E-W",167,,2019
"G906","C1906","infant","M","N-S",163,"Poor",2023
"G907","C1907","adult","M","E-W",93,"Good",2020
"G908","C1908","adult","F","90",56,"Poor",2020
"G909","C1909","child","unknown","N-S",103,"good",2023
"G910","C1910","adult","F",,172,"Fair",2022
"G911","C1911","adult","unknown","180",96,"fair",2023
"G912","C1912","adult","M",,154,"good",2022
"G913","C1913","infant","M",,123,"fair",2023
"G914","C1914","infant","M","90",91,,2023
"G915","C1915","mature","F","W-E",70,"Fair",2020
"G916","C1916","mature","M","180",86,,2022
"G917","C1917",,"M","W-E",189,"Poor",2023
"G918","C1918","child","F","0",87,"GOOD",2022
"G919","C1919","adult","?",,142,,2023
"G920","C1920","adult","M","W-E",111,"Fair",2020
"G921","C1921","mature","F","E-W",100,"good",2021
"G922","C1922",,"F","270",195,"poor",2019
"G923","C1923",,"","0",79,"poor",2021
"G924","C1924","adult","M","N-S",83,"poor",2021
"G925","C1925","mature","M","W-E",174,"poor",2019
"G926","C1926","infant","unknown","270",195,"fair",2021
"G927","C1927","adult","F","270",100,,2020
"G928","C1928","adult","F","N-S",73,"good",2020
"G929","C1929","adult","M","0",161,"Good",2021
"G930","C1930","child","M","N-S",51,"good",2023
"G931","C1931","child","?","E-W",56,,2023
"G932","C1932",,"F","W-E",129,"fair",2021
"G933","C1933","infant","unknown","E-W",56,,2020
"G934","C1934","infant","F","W-E",99,"good",2021
"G935","C1935","mature","M","0",153,"poor",2023
"G936","C1936","adult","?","0",88,"Poor",2023
"G937","C1937","adult","F","W-E",155,,2019
"G938","C1938","adult","F","180",67,"Good",2020
"G939","C1939","adult","M","90",195,"Good",2020
"G940","C1940","mature","M","180",88,,2021
"G941","C1941","child","F","180",130,"poor",2019
"G942","C1942","child","M","N-S",73,"fair",2020
"G943","C1943","adult","M","270",101,"poor",2019
"G944","C1944","adult","M",,142,"Poor",2021
"G945","C1945","mature",,"0",119,"Good",2019
"G946","C1946","adult","F","270",92,"Poor",2020
"G947","C1947","adult",,"W-E",79,"Poor",2023
"G948","C1948","mature","M","180",83,"good",2022
"G949","C1949","child","?",,90,"Fair",2022
"G950","C1950","adult","M","W-E",132,,2021
"G951","C1951","adult","F","W-E",86,"GOOD",2019
"G952","C1952","child","M","W-E",196,"good",2021
"G953","C1953","adult","F","0",96,"fair",2023
"G954","C1954","mature","F","0",132,"GOOD",2019
"G955","C1955","adult","M","E-W",116,"fair",2021
"G956","C1956","mature","M","E-W",171,"Poor",2019
"G957","C1957","mature","M","E-W",50,"Fair",2019
"G958","C1958","infant","M",,137,"GOOD",2020
"G959","C1959","mature","F","E-W",150,,2023
"G960","C1960","mature","M","0",142,"good",2021
"G961","C1961","child","M","90",115,"GOOD",2022
"G962","C1962","mature","M","0",170,"GOOD",2019
"G963","C1963","adult","M","N-S",126,"Good",2022
"G964","C1964","infant","?","90",181,"fair",2020
"G965","C1965","adult","M","180",149,,2023
"G966","C1966","infant","M","E-W",88,"good",2021
"G967","C1967","adult","","N-S",63,"good",2021
"G968","C1968","adult","F","270",153,"GOOD",2020
"G969","C1969","mature","?","270",194,"poor",2019
"G970","C1970","adult","M","180",176,"Good",2019
"G971","C1971","child","F","E-W",178,"poor",2022
"G972","C1972","child","M","90",139,"GOOD",2021
"G973","C1973","mature","M","W-E",176,"poor",2023
"G974","C1974","child","F","180",100,"fair",2019
"G975","C1975","adult","","270",121,"poor",2021
"G976","C1976","adult","F","E-W",53,"Good",2022
"G977","C1977","adult","F","0",107,"GOOD",2023
"G978","C1978","adult","","W-E",186,"Fair",2022
"G979","C1979","mature","unknown","N-S",136,"good",2020
"G980","C1980","adult","F","W-E",132,"GOOD",2020
"G981","C1981","child","M",,139,"Fair",2023
"G982","C1982","adult","F","N-S",67,"good",2022
"G983","C1983","child","M","90",181,,2020
"G984","C1984","mature",,"0",134,"poor",2022
"G985","C1985","child","F","270",137,,2022
"G986","C1986","adult","M",,65,"GOOD",2020
"G987","C1987","infant","F","90",133,"good",2021
"G988","C1988","adult","M","90",66,"Good",2021
"G989","C1989","adult","M","0",93,,2022
"G990","C1990","infant","M","E-W",174,"good",2020
"G991","C1991","mature","F","270",165,"GOOD",2021
"G992","C1992","adult","F","270",173,"good",2019
"G993","C1993","infant","M","0",135,"fair",2023
"G994","C1994","infant","F","270",157,"poor",2019
"G995","C1995","adult","M","180",165,,2023
"G996","C1996","adult","F","W-E",128,"Poor",2021
"G997","C1997","child","M","270",178,"Fair",2021
"G998","C1998","adult","F","90",90,"GOOD",2019
"G999","C1999","child","F","E-W",109,"fair",2019
"G1000","C2000","adult","M","N-S",54,"Fair",2019
"G1001","C2001","infant","M","0",197,"Fair",2021
"G1002","C2002","adult","","N-S",152,"GOOD",2022
"G1003","C2003","infant","M","180",136,"good",2021
"G1004","C2004","child","?","90",82,"Fair",2023
"G1005","C2005","child","F","W-E",55,"fair",2023
"G1006","C2006","adult","M","E-W",50,"GOOD",2021
"G1007","C2007","child","F","0",98,"Good",2023
"G1008","C2008","mature","F","0",124,"poor",2019
"G1009","C2009","adult","M","W-E",104,"poor",2020
"G1010","C2010","infant","F","270",159,"fair",2022
"G1011","C2011","child","M","180",155,"Good",2021
"G1012","C2012","child","","270",78,"GOOD",2022
"G1013","C2013","adult","M","90",119,"Poor",2022
"G1014","C2014","adult","F","0",55,,2022
"G1015","C2015","adult","F","270",134,"Poor",2021
"G1016","C2016","infant","M","0",51,"Fair",2021
"G1017","C2017","adult","?","W-E",132,"fair",2019
"G1018","C2018","adult","F","180",63,"Good",2020
"G1019","C2019","mature","F","E-W",196,,2020
"G1020","C2020","adult","M","90",116,"Fair",2022
"G1021","C2021","infant",,,148,"Good",2023
"G1022","C2022","adult","F",,116,"Poor",2019
"G1023","C2023","adult","F","90",81,"Fair",2022
"G1024","C2024","adult",,"180",196,,2019
"G1025","C2025","adult","unknown","0",134,"GOOD",2022
"G1026","C2026","adult","M","W-E",69,"Poor",2019
"G1027","C2027","child","M","0",183,"GOOD",2021
"G1028","C2028","adult","unknown","270",55,"Poor",2023
"G1029","C2029",,"M","180",50,"fair",2020
"G1030","C2030","infant","unknown","270",88,"Fair",2020
"G1031","C2031",,"M","90",159,"Good",2021
"G1032","C2032","adult","M","N-S",187,"poor",2020
"G1033","C2033","adult","M","0",161,"Good",2020
"G1034","C2034","adult","F","0",56,"poor",2020
"G1035","C2035","adult","F","W-E",126,"good",2023
"G1036","C2036","child","M","0",67,"good",2021
"G1037","C2037","infant","M","180",179,"Poor",2020
"G1038","C2038","mature","M","90",155,"GOOD",2021
"G1039","C2039","child","?","0",167,"GOOD",2022
"G1040","C2040","adult","F","E-W",86,,2021
"G1041","C2041","infant","F",,72,,2022
"G1042","C2042","adult","M","N-S",110,"fair",2019
"G1043","C2043","adult","F","0",184,"Poor",2023
"G1044","C2044","mature","F","E-W",77,"fair",2019
"G1045","C2045","mature","F","N-S",114,"Poor",2021
"G1046","C2046","adult","F","90",52,"Fair",2020
"G1047","C2047","child","unknown","W-E",86,"Good",2021
"G1048","C2048","infant","F","W-E",117,"Fair",2023
"G1049","C2049",,"F","W-E",103,"fair",2019
"G1050","C2050","adult","F","W-E",145,"Fair",2022
"G1051","C2051","infant","F","90",157,"Good",2019
"G1052","C2052","adult","unknown","180",193,"poor",2019
"G1053","C2053","adult","M","0",130,"poor",2022
"G1054","C2054","mature","M","N-S",117,,2023
"G1055","C2055","adult","?","180",119,"GOOD",2021
"G1056","C2056","infant","M","E-W",167,"Good",2021
"G1057","C2057","mature","M","270",66,"Fair",2022
"G1058","C2058","child","F","90",121,"poor",2021
"G1059","C2059","adult","M","E-W",165,"GOOD",2022
"G1060","C2060","adult","F","0",197,"GOOD",2019
"G1061","C2061","adult","F","E-W",57,"Good",2023
"G1062","C2062","infant","F","0",194,"Good",2023
"G1063","C2063","adult","F","N-S",60,"poor",2023
"G1064","C2064","adult","F","90",104,"Good",2023
"G1065","C2065","adult","F","180",175,"Good",2023
"G1066","C2066","mature","M","W-E",88,"good",2020
"G1067","C2067","infant","F",,144,"Good",2020
"G1068","C2068","adult","","90",172,"Poor",2023
"G1069","C2069","adult","F","N-S",169,,2021
"G1070","C2070","mature","F",,153,"Fair",2023
"G1071","C2071","child",,"0",169,"GOOD",2020
"G1072","C2072","adult","?","N-S",105,"Good",2020
"G1073","C2073","child","unknown","N-S",152,"good",2020
"G1074","C2074","infant","M","180",124,"GOOD",2019
"G1075","C2075","adult","F","90",102,"GOOD",2022
"G1076","C2076","mature","M","E-W",167,"Fair",2023
"G1077","C2077","infant","F",,112,"GOOD",2020
"G1078","C2078","adult","M","90",97,,2020
"G1079","C2079","adult","M","180",159,"GOOD",2022
"G1080","C2080","adult","M","N-S",112,"Fair",2022
"G1081","C2081","child","?","180",126,"good",2021
"G1082","C2082",,,"90",199,"poor",2022
"G1083","C2083","adult","M","90",77,"Fair",2021
"G1084","C2084","mature","M",,136,"Poor",2020
"G1085","C2085","mature","F","90",151,"Good",2020
"G1086","C2086","adult","F","0",130,"poor",2023
"G1087","C2087","infant","?","N-S",105,"good",2019
"G1088","C2088","child","","0",101,"Poor",2021
"G1089","C2089","mature","F","0",174,"good",2019
"G1090","C2090","adult","F","270",188,"poor",2020
"G1091","C2091","infant","F","N-S",97,"fair",2022
"G1092","C2092","adult","F","E-W",149,,2020
"G1093","C2093","mature",,"E-W",154,"good",2022
"G1094","C2094","child",,"180",95,"good",2020
"G1095","C2095","adult",,"180",168,"good",2022
"G1096","C2096","child","F","E-W",195,"Fair",2022
"G1097","C2097","child","unknown","E-W",101,"Good",2020
"G1098","C2098","adult",,"270",141,"GOOD",2023
"G1099","C2099","infant",,"N-S",90,"good",2020
"G1100","C2100","child","F","270",121,,2020
"G1101","C2101","adult","M",,141,,2022
"G1102","C2102","mature","M",,191,"GOOD",2021
"G1103","C2103","mature","F","0",136,"good",2019
"G1104","C2104","adult","M","90",68,"Good",2020
"G1105","C2105","child",,"90",155,"Good",2023
"G1106","C2106","mature","F","0",196,"good",2021
"G1107","C2107","infant","?","N-S",52,"Poor",2021
"G1108","C2108","adult","M","90",147,"fair",2020
"G1109","C2109","mature","?","180",115,"fair",2023
"G1110","C2110","infant","F","180",121,"good",2020
"G1111","C2111","mature","",,135,"good",2021
"G1112","C2112","adult",,"270",114,,2023
"G1113","C2113","infant","F",,114,,2021
"G1114","C2114","mature","F",,198,"poor",2021
"G1115","C2115","adult",,"E-W",62,"Good",2023
"G1116","C2116","adult","M","90",186,"fair",2019
"G1117","C2117","infant","M","E-W",51,"fair",2022
"G1118","C2118","mature","M",,61,"Good",2021
"G1119","C2119","adult","M",,101,,2021
"G1120","C2120","infant","M","W-E",141,"Poor",2019
"G1121","C2121","mature","M","0",173,"Poor",2021
"G1122","C2122","infant","M","270",132,"Fair",2019
"G1123","C2123","child","M","0",174,"Fair",2022
"G1124","C2124","adult","F","90",96,"fair",2023
"G1125","C2125","infant","F","W-E",118,"GOOD",2022
"G1126","C2126","mature","F","E-W",128,,2023
"G1127","C2127","child",,"W-E",117,"Fair",2019
"G1128","C2128","mature","F","0",60,"GOOD",2022
"G1129","C2129","adult","M","E-W",66,"Good",2023
"G1130","C2130","child","F","270",146,"Poor",2022
"G1131","C2131","adult","F",,67,"Good",2022
"G1132","C2132","mature","M","E-W",146,"poor",2023
"G1133","C2133","mature",,"E-W",109,"good",2020
"G1134","C2134","adult","F","270",111,"poor",2020
"G1135","C2135","child","M","180",92,"Fair",2022
"G1136","C2136","child","F","90",103,,2021
"G1137","C2137","adult","?","W-E",52,"Poor",2019
"G1138","C2138","adult","F","E-W",164,"fair",2022
"G1139","C2139","adult","M","0",132,"fair",2021
"G1140","C2140","child",,"0",95,"Fair",2022
"G1141","C2141","adult","unknown","90",195,"Poor",2021
"G1142","C2142","infant","M","N-S",107,"Poor",2021
"G1143","C2143","child","F",,140,,2020
"G1144","C2144","mature","unknown","270",118,"GOOD",2023
"G1145","C2145","adult","F","180",78,"GOOD",2020
"G1146","C2146","adult","F","W-E",123,"Fair",2021
"G1147","C2147","adult","F","270",50,"GOOD",2021
"G1148","C2148","adult","M","E-W",199,"good",2020
"G1149","C2149","child","M","270",180,"GOOD",2019
"G1150","C2150","adult","M","E-W",197,"GOOD",2020
"G1151","C2151","infant","M","270",102,"good",2023
"G1152","C2152","adult","M","90",193,"GOOD",2021
"G1153","C2153",,"M","270",45,"poor",2021
"G1154","C2154","infant","M","E-W",74,"Fair",2022
"G1155","C2155","child","","270",132,"fair",2020
"G1156","C2156","infant","M","180",96,"good",2021
"G1157","C2157","child","F","270",51,,2021
"G1158","C2158","child","M","N-S",120,,2021
"G1159","C2159","infant","F","W-E",163,"good",2019
"G1160","C2160","adult","M","E-W",114,"Good",2022
"G1161","C2161","child","M","90",93,"Poor",2019
"G1162","C2162","child","M","0",133,"Poor",2019
"G1163","C2163","adult","F","N-S",121,"poor",2021
"G1164","C2164","child","M",,147,"poor",2022
"G1165","C2165","adult","M","E-W",78,"Poor",2019
"G1166","C2166","adult","F",,166,"Good",2019
"G1167","C2167","adult","?","90",172,,2020
"G1168","C2168","adult","F","N-S",109,"Good",2020
"G1169","C2169","mature","F","0",138,"Good",2021
"G1170","C2170","child","F","90",146,"GOOD",2020
"G1171","C2171","adult","unknown","180",196,"good",2020
"G1172","C2172","mature","F","270",108,"fair",2022
"G1173","C2173","infant","F","N-S",169,"poor",2020
"G1174","C2174","infant","F","0",121,"GOOD",2019
"G1175","C2175","adult","F","180",167,"Fair",2023
"G1176","C2176","adult","unknown","N-S",158,"poor",2022
"G1177","C2177","child","M","270",114,"Fair",2023
"G1178","C2178",,"M",,90,"Fair",2019
"G1179","C2179","child","F","180",71,,2023
"G1180","C2180",,"M",,73,"Fair",2022
"G1181","C2181","child","F","W-E",181,"poor",2019
"G1182","C2182","adult","F","W-E",124,"GOOD",2021
"G1183","C2183","child","",,134,"good",2023
"G1184","C2184","adult","F","0",66,"poor",2020
"G1185","C2185","mature","?","90",129,"GOOD",2021
"G1186","C2186","mature","M","180",130,"poor",2019
"G1187","C2187","child","M","180",166,"poor",2019
"G1188","C2188","child","F","W-E",175,"poor",2019
"G1189","C2189","child","F",,124,"good",2022
"G1190","C2190","infant","F",,58,"fair",2019
"G1191","C2191","child",,"270",127,"poor",2020
"G1192","C2192","mature","F","180",58,"GOOD",2019
"G1193","C2193","adult","M","180",165,"poor",2020
"G1194","C2194","adult","?",,189,"fair",2020
"G1195","C2195","infant","F","270",73,,2023
"G1196","C2196","mature","?","W-E",174,"Fair",2021
"G1197","C2197","adult","F","0",82,"Fair",2020
"G1198","C2198","adult","M","E-W",142,"fair",2019
"G1199","C2199","infant","F","90",194,"Good",2020
"G1200","C2200","child",,"270",157,"fair",2021
"G1201","C2201","child","F","E-W",172,,2019
"G1202","C2202","child","F","E-W",150,,2019
"G1203","C2203","mature","?","0",168,"poor",2022
"G1204","C2204","adult","M","270",186,"Good",2021
"G1205","C2205","infant","M","90",139,"Fair",2021
"G1206","C2206","infant","M","180",57,"Good",2019
"G1207","C2207","mature","F","0",108,"GOOD",2021
"G1208","C2208","child","?","E-W",156,"good",2023
"G1209","C2209","adult","F","N-S",92,,2019
"G1210","C2210","mature","F","270",152,"good",2021
"G1211","C2211","infant","M","270",108,"poor",2023
"G1212","C2212",,"","N-S",103,,2020
"G1213","C2213","adult","unknown","N-S",174,"Good",2020
"G1214","C2214","adult","F",,176,"Fair",2020
"G1215","C2215","infant","M","E-W",180,"GOOD",2021
