"Context";"artifact_type";"supercategory";"material";"weight_g";"length_mm";"dating"
"C1383";"ring";"adornment";"";"5,900";"23";"9th-10th century"
"C1124";"shield boss";"weapons and armour";"iron";"231,200";"144";"early medieval"
"C1104";"textile fragment";"clothing";"textile";"14,300";"88";"9th century"
"C2075";"textile fragment";"clothing";"textile";"34,600";NA;"Early Medieval"
"C1299";"textile fragment";"clothing";"textile";"20,000";"63";"9th-10th century"
"C1241";"fibula";"clothing";"bronze";"10,300";"38";"Early Medieval"
"C1720";"fibula";"clothing";"bronze";"14,800";"27";"10th century"
"C1152";"belt buckle";"clothing";"iron";"42,300";"38";"9th century"
"C1165";"textile fragment";"clothing";"textile";"19,700";"40";"Early Medieval"
"C1261";"bone fragment";"common find";"bone";"26,600";NA;"9th-10th century"
"C1314";"spearhead";"weapons and armour";"bronze";"428,300";"382";"9th-10th century"
"C1533";"belt buckle";"clothing";"copper alloy";"49,400";"35";"medieval"
"C1228";"pottery vessel";"common find";"ceramic";"679,200";"228";"Viking Age"
"C2129";"knife";"tools";"iron";"105,600";"153";"early medieval"
"C2016";"textile fragment";"clothing";"textile";"10,900";"85";"Late Iron Age"
"C1379";"pendant";"adornment";"silver";NA;"30";"medieval"
"C2027";"shield boss";"weapons and armour";"iron";"426,200";"135";"9th-10th century"
"C1283";"axe";"tools";"iron";"450,500";"125";"9th-10th century"
"C1526";"loom weight";"common find";"ceramic";"180,900";"78";"Early Medieval"
"C2050";"knife";"tools";"iron";"126,400";"181";"9th century"
"C1931";"loom weight";"common find";"ceramic";"194,000";"53";"Viking Age"
"C1262";"shield boss";"weapons and armour";"iron";"290,300";"133";"9th century"
"C1729";"pottery vessel";"common find";"ceramic";"759,700";"302";"9th-10th century"
"C1357";"pin";"clothing";"bone";"8,700";NA;"Late Iron Age"
"C1092";"pottery fragment";"common find";"ceramic";"95,600";"77";"9th century"
"C1092";"bone fragment";"common find";"bone";"5,400";"44";"10th century"
"C1492";"bone fragment";"common find";"bone";"23,000";"27";"10th century"
"C2174";"shield boss";"weapons and armour";"bronze";"284,000";"150";"Early Medieval"
"C1889";"sword";"weapons and armour";"iron";"942,700";"776";"10th century"
"C1272";"knife";"tools";"iron";"116,900";"171";"9th century"
"C1601";"belt buckle";"clothing";"bronze";"31,600";"66";"Viking Age"
"C1308";"pendant";"adornment";"bronze";"12,700";NA;"9th-10th century"
"C1531";"bone comb";"clothing";"bone";"25,600";"94";"10th century"
"C1415";"axe";"tools";"iron";"974,800";"202";"10th century"
"C1454";"textile fragment";"clothing";"textile";"37,100";"68";"Early Medieval"
"C2194";"spearhead";"weapons and armour";"iron";"505,500";"311";"10th century"
"C1260";"knife";"tools";"iron";"146,900";NA;"9th century"
"C1108";"bone comb";"clothing";"bone";"28,200";"73";"Viking Age"
"C1576";"ring";"adornment";"silver";"8,500";"20";"Viking Age"
"C2041";"bone comb";"clothing";"bone";"17,200";"73";"9th century"
"C1291";"knife";"tools";"iron";"155,700";"187";"9th-10th century"
"C1457";"bone comb";"clothing";"bone";"22,400";"88";"9th century"
"C1973";"textile fragment";"clothing";"textile";"28,600";"59";""
"C1856";"loom weight";"common find";"stone";"152,800";"89";"Early Medieval"
"C2166";"bone comb";"clothing";"bone";"9,300";"117";"9th-10th century"
"C1700";"bone fragment";"common find";"bone";"7,400";"47";"10th century"
"C1747";"spearhead";"weapons and armour";"bronze";"396,500";"283";"9th century"
"C1965";"bone fragment";"common find";"bone";"4,900";"41";"medieval"
"C1146";"bead";"adornment";"ceramic";NA;"11";"9th-10th century"
"C1875";"bone fragment";"common find";"bone";NA;"1";"9th-10th century"
"C2099";"ring";"adornment";"bronze";"8,200";"25";"early medieval"
"C2091";"ring";"adornment";"copper alloy";"15,000";"fragment";"10th century"
"C1416";"sword";"weapons and armour";"iron";"1046,000";"721";"10th century"
"C1822";"pin";"clothing";"bronze";"2,100";"54";"early medieval"
"C1572";"axe";"tools";"iron";"575,500";"229";"9th-10th century"
"C1849";"pendant";"adornment";"bronze";"8,700";"42";"Viking Age"
"C1816";"ring";"adornment";"silver";"5,600";"31";"9th-10th century"
"C1047";"loom weight";"common find";"ceramic";"154,900";"77";"9th century"
"C2156";"pottery vessel";"common find";"ceramic";"822,000";"357";"Early Medieval"
"C2017";"ring";"adornment";"silver";"7,300";"fragment";NA
"C1842";"pottery fragment";"common find";"ceramic";"67,400";"66";"9th-10th century"
"C1451";"bead";"adornment";"glass";"2,500";"8";"Early Medieval"
"C1860";"belt buckle";"clothing";"bronze";"31,800";"38";"9th century"
"C1935";"bracelet";"adornment";"bronze";"22,800";"76";"Viking Age"
"C1929";"bone fragment";"common find";"bone";"12,000";"56";"Viking Age"
"C1977";"bracelet";"adornment";"bronze";"24,500";"67";"Late Iron Age"
"C1855";"sword";"weapons and armour";"iron";"828,800";"717";NA
"C1458";"knife";"tools";"iron";"92,800";NA;"medieval"
"C1618";"loom weight";"common find";"bone";"225,400";"84";"9th century"
"C1211";"bone comb";"clothing";"bone";"17,300";"113";"10th century"
"C2033";"bone comb";"clothing";"bone";"29,700";"116";"10th century"
"C1073";"pottery vessel";"common find";"ceramic";"737,800";"257";"Viking Age"
"C1723";"bone fragment";"common find";"bone";"30,100";"16";NA
"C1344";"textile fragment";"clothing";"textile";"21,300";"49";"9th century"
"C1004";"bone fragment";"common find";"bone";"7,600";"33";"early medieval"
"C2167";"bead";"adornment";"";NA;"9";"9th-10th century"
"C1274";"pottery vessel";"common find";"ceramic";"721,700";"225";"medieval"
"C1646";"pin";"clothing";"copper";"6,600";"96";"9th-10th century"
"C2178";"spearhead";"weapons and armour";"iron";NA;"180";"9th-10th century"
"C1216";"sword";"weapons and armour";"iron";NA;"712";"10th century"
"C2084";"bracelet";"adornment";"bronze";"25,100";"54";"10th century"
"C1713";"pottery vessel";"common find";NA;"569,100";"171";"9th-10th century"
"C1355";"sword";"weapons and armour";"iron";"1048,900";NA;"Early Medieval"
"C1935";"fibula";"clothing";NA;NA;"47";"Viking Age"
"C1729";"pendant";"adornment";NA;"10,600";"52";"10th century"
"C1525";"belt buckle";"clothing";"iron";"33,300";"43";"9th-10th century"
"C1802";"shield boss";"weapons and armour";"iron";"266,100";"128";"9th-10th century"
"C1315";"bone fragment";"common find";"bone";"27,500";"48";"10th century"
"C1047";"shield boss";"weapons and armour";"iron";"408,600";"158";"10th century"
"C1393";"pendant";"adornment";"copper alloy";"10,500";"25";NA
"C2115";"shield boss";"weapons and armour";"iron";"233,700";"175";"9th-10th century"
"C1517";"pottery vessel";"common find";"ceramic";"808,900";"283";"9th century"
"C1445";"bone comb";"clothing";"bone";"28,400";"116";"10th century"
"C1405";"bead";"adornment";"bone";"4,800";"14";"9th century"
"C1093";"sword";"weapons and armour";"iron";"986,300";"1017";"undated"
"C1989";"belt buckle";"clothing";"bronze";"44,200";"36";NA
"C1531";"pottery fragment";"common find";"ceramic";"46,400";"64";"Viking Age"
"C1418";"bracelet";"adornment";"";"26,800";"fragment";"Early Medieval"
"C2041";"bead";"adornment";"amber";"4,900";"18";"Early Medieval"
"C1093";"ring";"adornment";"silver";"1,300";"20";"10th century"
"C1760";"ring";"adornment";"silver";"13,800";"28";"9th century"
"C1243";"sword";"weapons and armour";"iron";"818,900";"814";"Early Medieval"
"C1146";"knife";"tools";"iron";NA;"128";"9th-10th century"
"C1239";"ring";"adornment";"copper alloy";"8,100";"23";"9th-10th century"
"C1072";"fibula";"clothing";"silver";"23,300";"54";"early medieval"
"C1853";"bone fragment";"common find";"bone";"13,200";"40";"9th-10th century"
"C2196";"fibula";"clothing";"silver";"18,700";"52";NA
"C1864";"belt buckle";"clothing";"copper alloy";"18,500";"35";"undated"
"C1294";"textile fragment";"clothing";"textile";"19,100";"44";"9th century"
"C2203";"knife";"tools";"iron";"139,900";"173";"9th century"
"C1152";"knife";"tools";"iron";"115,600";"210";"9th century"
"C1737";"ring";"adornment";"copper alloy";"9,000";"24";"Late Iron Age"
"C1232";"pendant";"adornment";NA;"8,500";"32";"Early Medieval"
"C1964";"bone comb";"clothing";"bone";NA;"97";"early medieval"
"C1787";"bead";"adornment";"bone";"8,500";"5";"10th century"
"C1579";"pendant";"adornment";"silver";"20,400";"34";"Early Medieval"
"C1551";"spearhead";"weapons and armour";"bronze";"341,900";"156";"Viking Age"
"C1744";"fibula";"clothing";"copper alloy";"23,800";"fragment";"Early Medieval"
"C1870";"pin";"clothing";"copper alloy";"5,100";"86";"9th century"
"C1488";"ring";"adornment";"bronze";"11,100";"23";"Early Medieval"
"C1800";"textile fragment";"clothing";"textile";"14,300";"52";"medieval"
"C1360";"shield boss";"weapons and armour";"bronze";"370,600";"174";"9th century"
"C1763";"belt buckle";"clothing";"copper alloy";"64,400";"41";"9th century"
"C2081";"pottery vessel";"common find";"ceramic";"614,300";"270";"9th century"
"C2075";"sword";"weapons and armour";"iron";"633,400";"613";"early medieval"
"C1775";"pin";"clothing";"copper alloy";"10,800";NA;"early medieval"
"C1205";"axe";"tools";"";"748,200";"96";"Viking Age"
"C2015";"pendant";"adornment";"amber";"7,400";"41";"9th-10th century"
"C1561";"ring";"adornment";"bronze";"10,100";"27";"9th century"
"C2073";"textile fragment";"clothing";"textile";"22,100";"65";"Late Iron Age"
"C1503";"pendant";"adornment";"amber";"18,400";"25";"Viking Age"
"C1291";"ring";"adornment";"silver";"8,100";"24";"Early Medieval"
"C1373";"axe";"tools";"iron";"520,100";"210";"Early Medieval"
"C1311";"shield boss";"weapons and armour";"bronze";"196,600";NA;"Viking Age"
"C1429";"axe";"tools";"iron";"560,100";"122";"medieval"
"C2046";"shield boss";"weapons and armour";"bronze";"261,400";"189";"Early Medieval"
"C1245";"sword";"weapons and armour";"iron";"939,600";"791";"Early Medieval"
"C2161";"loom weight";"common find";"bone";"171,800";"33";"early medieval"
"C1894";"bracelet";"adornment";"copper alloy";"41,700";"82";"early medieval"
"C1298";"pendant";"adornment";"silver";"3,600";"38";"early medieval"
"C2087";"pottery vessel";"common find";"ceramic";"886,900";"143";"10th century"
"C1303";"pendant";"adornment";"copper alloy";"19,300";"23";"early medieval"
"C1176";"pottery vessel";"common find";"ceramic";"827,300";"307";"9th century"
"C1164";"fibula";"clothing";"bronze";"18,600";"39";"10th century"
"C1984";"belt buckle";"clothing";"iron";"62,700";"53";"Late Iron Age"
"C1157";"belt buckle";"clothing";"iron";"36,200";"44";"Early Medieval"
"C1876";"belt buckle";"clothing";"iron";"61,300";"50";"10th century"
"C1079";"bone comb";"clothing";"";"34,100";"81";"9th century"
"C2021";"pin";"clothing";"bone";"17,500";"50";"10th century"
"C2102";"bone fragment";"common find";"bone";"1,600";"6";"9th century"
"C1808";"textile fragment";"clothing";"textile";"30,000";"79";"9th-10th century"
"C1886";"shield boss";"weapons and armour";"bronze";"286,300";"157";"early medieval"
"C1926";"shield boss";"weapons and armour";"bronze";"368,500";"151";"Early Medieval"
"C1225";"loom weight";"common find";"bone";"246,300";"57";"9th-10th century"
"C2158";"axe";"tools";"iron";"602,500";"115";"Early Medieval"
"C1430";"shield boss";"weapons and armour";"bronze";"154,500";"181";"9th-10th century"
"C1624";"bone comb";"clothing";"bone";"32,400";"118";"Early Medieval"
"C1083";"sword";"weapons and armour";"iron";"812,900";"701";"9th-10th century"
"C1782";"pottery vessel";"common find";"ceramic";"600,400";"143";"Early Medieval"
"C1880";"pendant";"adornment";"amber";"9,700";"39";"9th-10th century"
"C1314";"textile fragment";"clothing";"textile";"22,500";"67";"9th century"
"C1669";"pottery vessel";"common find";"ceramic";"489,000";NA;"9th century"
"C1170";"spearhead";"weapons and armour";"bronze";"388,700";"295";"10th century"
"C1729";"bone comb";"clothing";"bone";"26,000";NA;"9th-10th century"
"C2170";"bracelet";"adornment";"copper alloy";"6,200";"75";"early medieval"
"C1389";"textile fragment";"clothing";"textile";"29,900";"82";"9th century"
"C1566";"fibula";"clothing";"copper alloy";"15,400";"67";"9th-10th century"
"C1914";"spearhead";"weapons and armour";"bronze";"362,200";"222";"Early Medieval"
"C1751";"bead";"adornment";"ceramic";"7,900";"12";"Early Medieval"
"C1908";"belt buckle";"clothing";"bronze";"10,600";"42";"9th century"
"C2149";"bone comb";"clothing";"bone";"26,000";"101";"9th-10th century"
"C1622";"bone comb";"clothing";"bone";"26,900";"81";"10th century"
"C1197";"fibula";"clothing";"copper alloy";"23,100";"65";NA
"C1719";"ring";"adornment";"bronze";"12,900";"23";"undated"
"C1723";"fibula";"clothing";"copper";"22,700";"66";"9th century"
"C1800";"textile fragment";"clothing";"textile";"7,800";"114";"10th century"
"C1924";"bone comb";"clothing";"bone";"28,100";"102";"9th-10th century"
"C1707";"loom weight";"common find";"ceramic";"89,100";"56";"10th century"
"C1615";"shield boss";"weapons and armour";"bronze";"343,400";"136";"Early Medieval"
"C1784";"fibula";"clothing";"copper alloy";"18,900";"77";"9th-10th century"
"C1476";"pendant";"adornment";"amber";"17,000";"32";"Viking Age"
"C1247";"fibula";"clothing";"bronze";"17,300";"62";"9th century"
"C1890";"sword";"weapons and armour";"iron";"1164,800";"987";"10th century"
"C2153";"bead";"adornment";"ceramic";"3,600";NA;"9th century"
"C2110";"bracelet";"adornment";"copper alloy";"24,000";"71";"Late Iron Age"
"C1067";"axe";"tools";"iron";"622,500";"109";"9th century"
"C1111";"belt buckle";"clothing";"bronze";"28,800";"29";"Late Iron Age"
"C1211";"pottery fragment";"common find";"ceramic";"90,700";"53";NA
"C1761";"fibula";"clothing";"copper";"23,400";"52";"Early Medieval"
"C1218";"knife";"tools";"iron";"77,900";"158";"10th century"
"C2098";"spearhead";"weapons and armour";"bronze";"462,900";"fragment";"early medieval"
"C1205";"pendant";"adornment";"amber";"10,600";"46";"9th-10th century"
"C1120";"pottery vessel";"common find";"ceramic";"681,600";"267";""
"C1781";"axe";"tools";"iron";"634,400";"149";"9th-10th century"
"C1186";"bracelet";"adornment";"bronze";"14,800";NA;"9th-10th century"
"C1684";"belt buckle";"clothing";"iron";"69,900";"58";"Viking Age"
"C1437";"sword";"weapons and armour";"iron";"522,900";"577";"early medieval"
"C1885";"pottery vessel";"common find";"ceramic";"622,900";"171";"Viking Age"
"C2193";"pottery fragment";"common find";"ceramic";"111,900";"56";"9th century"
"C1562";"fibula";"clothing";"copper";"17,600";"56";"9th-10th century"
"C1066";"axe";"tools";"iron";"864,500";"194";"Viking Age"
"C1036";"bone fragment";"common find";"bone";"18,800";NA;"9th-10th century"
"C1339";"ring";"adornment";"bronze";"12,400";NA;"Early Medieval"
"C1427";"bracelet";"adornment";"copper alloy";"41,500";"72";"early medieval"
"C1457";"bracelet";"adornment";"bronze";"21,100";"64";"Early Medieval"
"C1986";"bead";"adornment";"ceramic";"5,000";"12";"9th-10th century"
"C1932";"bracelet";"adornment";"copper alloy";"36,300";"63";"Early Medieval"
"C2086";"ring";"adornment";"copper alloy";"7,700";"26";"9th century"
"C1113";"pottery fragment";"common find";"ceramic";"96,100";"72";"Early Medieval"
"C1201";"axe";"tools";"iron";"197,000";"170";"Viking Age"
"C1651";"bead";"adornment";"amber";"8,900";"15";"Viking Age"
"C1804";"pin";"clothing";"bone";"13,100";"90";"undated"
"C1536";"pottery vessel";"common find";"ceramic";"543,700";"213";"early medieval"
"C1277";"textile fragment";"clothing";"textile";"18,600";"71";"9th century"
"C1973";"spearhead";"weapons and armour";"";"351,700";"261";"Early Medieval"
"C1286";"fibula";"clothing";"copper";"18,100";"32";"early medieval"
"C1634";"bone fragment";"common find";"bone";"10,200";NA;"early medieval"
"C1996";"bead";"adornment";"amber";"5,200";"12";"medieval"
"C1680";"knife";"tools";"iron";"156,100";"204";"early medieval"
"C1668";"loom weight";"common find";"ceramic";NA;"75";""
"C1636";"pin";"clothing";"bone";"10,000";"91";"9th century"
"C1602";"pottery vessel";"common find";"ceramic";"627,500";"183";"Early Medieval"
"C1986";"fibula";"clothing";"bronze";"24,000";"75";NA
"C1417";"shield boss";"weapons and armour";"iron";"225,600";"178";"9th-10th century"
"C1601";"bone fragment";"common find";"bone";"11,100";NA;"9th-10th century"
"C2197";"shield boss";"weapons and armour";"bronze";"290,500";"136";"9th-10th century"
"C1965";"bead";"adornment";"ceramic";"4,900";"15";"10th century"
"C1395";"bracelet";"adornment";"copper alloy";"33,900";NA;"9th century"
"C1009";"pendant";"adornment";"bone";"12,000";"49";"9th century"
"C1277";"pottery fragment";"common find";"ceramic";"90,000";"31";"9th-10th century"
"C2197";"pin";"clothing";"copper alloy";"10,500";"61";"9th-10th century"
"C1776";"shield boss";"weapons and armour";"iron";"217,000";"153";"Early Medieval"
"C1388";"shield boss";"weapons and armour";NA;NA;"153";""
"C2070";"sword";"weapons and armour";"iron";"861,500";"803";"10th century"
"C1194";"bead";"adornment";"bone";"4,400";"14";"9th century"
"C1362";"belt buckle";"clothing";"copper alloy";"27,600";"35";"10th century"
"C1018";"shield boss";"weapons and armour";"iron";"198,200";"149";"9th century"
"C2003";"pin";"clothing";"";"3,800";NA;"10th century"
"C2170";"pottery fragment";"common find";"ceramic";"108,500";"29";"9th-10th century"
"C1219";"bone fragment";"common find";"bone";"4,400";"79";"Early Medieval"
"C1003";"bracelet";"adornment";"copper alloy";"13,500";"68";"undated"
"C2166";"pendant";"adornment";"silver";"17,000";NA;"9th century"
"C2002";"axe";"tools";"iron";"646,100";NA;"9th century"
"C1158";"loom weight";"common find";"bone";"197,200";"72";"Viking Age"
"C1885";"pin";"clothing";"copper";"10,600";"62";"early medieval"
"C1914";"loom weight";"common find";"ceramic";"246,700";"73";"Early Medieval"
"C1850";"bead";"adornment";"amber";"1,700";"5";"10th century"
"C1588";"fibula";"clothing";"bronze";"26,800";"63";"Early Medieval"
"C2117";"pottery fragment";"common find";"ceramic";"43,800";"68";"medieval"
"C1841";"fibula";"clothing";"silver";"18,600";"47";"10th century"
"C1298";"bracelet";"adornment";"bronze";"44,200";"67";"9th-10th century"
"C1324";"ring";"adornment";"bronze";"5,000";"23";"9th-10th century"
"C2075";"shield boss";"weapons and armour";"bronze";"305,900";"86";"9th century"
"C2189";"bracelet";"adornment";"bronze";"28,500";"74";"10th century"
"C1446";"loom weight";"common find";"stone";"179,400";"80";"9th-10th century"
"C1747";"pendant";"adornment";"copper alloy";"14,900";"48";"early medieval"
"C1238";"fibula";"clothing";"copper alloy";"27,400";"22";"Late Iron Age"
"C1458";"knife";"tools";"iron";"81,400";"146";"Viking Age"
"C1583";"sword";"weapons and armour";"iron";NA;"654";"early medieval"
"C2162";"belt buckle";"clothing";"iron";"51,500";"58";"Viking Age"
"C1069";"axe";"tools";"iron";"628,600";"165";"9th century"
"C1170";"pottery vessel";"common find";"ceramic";"449,700";"175";"Early Medieval"
"C2143";"bead";"adornment";"ceramic";"3,400";"11";"medieval"
"C2167";"bone fragment";"common find";"bone";"9,600";"59";"9th-10th century"
"C1836";"sword";"weapons and armour";"iron";"597,100";"fragment";"Viking Age"
"C1419";"belt buckle";"clothing";"iron";"33,700";"36";"10th century"
"C1772";"loom weight";"common find";"bone";"131,000";"61";"9th-10th century"
"C1909";"pendant";"adornment";"copper alloy";"14,400";"35";"Viking Age"
"C2182";"pendant";"adornment";"bone";"14,300";"28";"9th century"
"C1916";"pottery fragment";"common find";"ceramic";"46,100";"85";NA
"C1764";"ring";"adornment";"silver";"3,300";"24";"Viking Age"
"C2194";"pendant";"adornment";"bronze";"8,200";"10";"9th-10th century"
"C1346";"bracelet";"adornment";"bronze";"39,100";"61";"early medieval"
"C1673";"sword";"weapons and armour";"iron";"915,900";"745";"9th-10th century"
"C1839";"loom weight";"common find";"stone";"172,900";"52";"9th-10th century"
"C2023";"ring";"adornment";"silver";"5,800";"22";"9th century"
"C1332";"loom weight";"common find";"bone";"217,700";"69";"9th century"
"C1647";"bead";"adornment";"glass";"4,200";"12";"9th-10th century"
"C1366";"fibula";"clothing";"copper";"9,400";"68";"9th-10th century"
"C1266";"pottery vessel";"common find";"ceramic";"434,100";"237";"Early Medieval"
"C1394";"spearhead";"weapons and armour";"bronze";"459,500";"274";"9th-10th century"
"C1596";"belt buckle";"clothing";"copper alloy";"54,200";"38";"early medieval"
"C1445";"bracelet";"adornment";"copper alloy";"20,500";"69";"early medieval"
"C1279";"ring";"adornment";"silver";"7,400";"26";"10th century"
"C1256";"fibula";"clothing";"copper alloy";"19,900";"75";"10th century"
"C1587";"loom weight";"common find";"ceramic";"96,600";"fragment";"9th century"
"C1804";"shield boss";"weapons and armour";"iron";"130,200";"165";"early medieval"
"C2158";"bead";"adornment";"ceramic";"5,300";"11";"9th-10th century"
"C1170";"bead";"adornment";"amber";"4,900";"13";"9th-10th century"
"C1658";"shield boss";"weapons and armour";"bronze";"228,500";"124";"Early Medieval"
"C1021";"fibula";"clothing";"bronze";"9,200";"51";"9th-10th century"
"C1043";"loom weight";"common find";"ceramic";"223,500";"72";"9th-10th century"
"C1073";"textile fragment";"clothing";"textile";"33,700";"93";"medieval"
"C1054";"pin";"clothing";"copper alloy";"11,900";"84";"9th-10th century"
"C1891";"pottery vessel";"common find";"ceramic";"1066,200";"293";"Early Medieval"
"C2102";"spearhead";"weapons and armour";"bronze";NA;"328";"9th century"
"C1841";"bone comb";"clothing";"bone";"21,500";"90";"Late Iron Age"
"C1367";"bead";"adornment";"bone";"4,800";"6";"9th-10th century"
"C1016";"pin";"clothing";"bronze";NA;"52";"9th century"
"C1932";"sword";"weapons and armour";"iron";"1089,200";"729";"Early Medieval"
"C2215";"bead";"adornment";"ceramic";"6,700";"16";"Early Medieval"
"C1091";"textile fragment";"clothing";"textile";"23,400";"31";"Viking Age"
"C1762";"belt buckle";"clothing";"bronze";"41,600";"62";"10th century"
"C1303";"bone fragment";"common find";"bone";"8,200";"41";NA
"C1901";"bone comb";"clothing";"bone";"24,800";"72";"Viking Age"
"C1121";"bracelet";"adornment";"bronze";"30,700";"70";"Late Iron Age"
"C1438";"knife";"tools";"iron";"103,800";"232";"undated"
"C2048";"pendant";"adornment";"bone";"8,700";"44";"10th century"
"C1018";"bone fragment";"common find";"bone";"22,500";"5";"9th century"
"C1734";"pottery fragment";"common find";"ceramic";"95,400";"75";"Early Medieval"
"C1646";"ring";"adornment";"copper alloy";"11,700";"12";"Late Iron Age"
"C1341";"pin";"clothing";"copper alloy";"6,300";"64";"9th century"
"C1064";"belt buckle";"clothing";"iron";"48,800";"31";"early medieval"
"C1321";"pottery vessel";"common find";"ceramic";"982,600";"266";"early medieval"
"C1934";"axe";"tools";"iron";"376,000";"145";"10th century"
"C1899";"knife";"tools";"iron";"60,800";"148";"Viking Age"
"C1680";"shield boss";"weapons and armour";"iron";"199,200";"135";"9th-10th century"
"C1366";"bracelet";"adornment";"bronze";"32,300";"78";"undated"
"C1369";"loom weight";"common find";"bone";"176,300";"49";"undated"
"C1935";"belt buckle";"clothing";"copper alloy";"37,600";"45";"medieval"
"C1491";"shield boss";"weapons and armour";"iron";"166,400";"169";"9th-10th century"
"C1083";"fibula";"clothing";"copper";"10,900";"24";"9th century"
"C1637";"bone fragment";"common find";"bone";"11,200";"7";"9th century"
"C1826";"bracelet";"adornment";"copper alloy";"24,200";"67";"early medieval"
"C1496";"pottery vessel";"common find";"ceramic";"411,200";"341";"9th-10th century"
"C1795";"knife";"tools";"iron";"47,400";"196";"Viking Age"
"C1407";"loom weight";"common find";"ceramic";"85,400";"72";"Early Medieval"
"C1733";"pottery vessel";"common find";"ceramic";"648,400";NA;"Late Iron Age"
"C1450";"shield boss";"weapons and armour";"bronze";"173,700";"157";"9th century"
"C1300";"fibula";"clothing";"bronze";"18,400";"32";"early medieval"
"C1965";"bone fragment";"common find";"bone";"29,600";"55";"Early Medieval"
"C1361";"pottery fragment";"common find";"ceramic";"84,100";"72";"early medieval"
"C1349";"pottery vessel";"common find";"ceramic";"708,600";"244";"9th-10th century"
"C1216";"pottery vessel";"common find";"ceramic";"453,400";"159";"Early Medieval"
"C1710";"bracelet";"adornment";"bronze";"33,400";"80";""
"C1773";"spearhead";"weapons and armour";"bronze";"318,600";"293";"early medieval"
"C1644";"axe";"tools";"iron";"852,200";"186";"10th century"
"C1784";"pendant";"adornment";"copper alloy";"7,700";"16";"medieval"
"C1169";"pendant";"adornment";"bone";"10,100";"57";"9th century"
"C1147";"bone comb";"clothing";"bone";"30,200";"109";"10th century"
"C2092";"bone comb";"clothing";"bone";"23,400";"113";"Early Medieval"
"C1532";"shield boss";"weapons and armour";"iron";"323,600";"193";"9th century"
"C1753";"fibula";"clothing";"copper";"23,500";"49";"Early Medieval"
"C1470";"pin";"clothing";"bronze";"16,000";"80";"10th century"
"C1583";"pin";"clothing";"copper";"16,200";"111";"10th century"
"C1135";"shield boss";"weapons and armour";"iron";"441,100";"179";"9th century"
"C1394";"loom weight";"common find";"bone";"147,600";"88";"9th-10th century"
"C2021";"sword";"weapons and armour";"iron";"771,800";"648";"10th century"
"C2041";"belt buckle";"clothing";"iron";NA;"45";"10th century"
"C1732";"loom weight";"common find";"bone";"263,200";"77";"10th century"
"C1111";"belt buckle";"clothing";"copper alloy";"74,200";NA;"9th century"
"C1146";"fibula";"clothing";"";"22,500";"55";""
"C1014";"spearhead";"weapons and armour";"bronze";"328,200";"392";"9th-10th century"
"C1773";"bone comb";"clothing";"bone";"21,900";"126";"9th century"
"C1220";"belt buckle";"clothing";"bronze";"63,900";"33";""
"C2199";"fibula";"clothing";"bronze";"20,300";"fragment";"Viking Age"
"C1766";"pendant";"adornment";"bronze";"24,200";"47";"Viking Age"
"C1779";"belt buckle";"clothing";NA;"60,100";"60";"Viking Age"
"C1257";"ring";"adornment";"silver";"10,800";"23";NA
"C1203";"shield boss";"weapons and armour";"bronze";"355,200";"176";"early medieval"
"C1797";"loom weight";"common find";NA;"164,000";"55";"early medieval"
"C2078";"knife";"tools";"iron";"116,100";"159";"Early Medieval"
"C1313";"textile fragment";"clothing";"textile";"29,900";"60";"Early Medieval"
"C2055";"ring";"adornment";"bronze";"8,800";"21";"9th-10th century"
"C1426";"shield boss";"weapons and armour";"bronze";"332,800";"164";"9th-10th century"
"C1175";"bone fragment";"common find";"bone";"10,300";NA;"Viking Age"
"C1527";"bone fragment";"common find";"bone";"22,200";NA;"9th century"
"C1404";"ring";"adornment";"silver";"10,400";"20";""
"C1748";"pottery fragment";"common find";"ceramic";"68,600";"39";"9th century"
"C2069";"bead";"adornment";"bone";"3,800";"17";"9th-10th century"
"C2165";"belt buckle";"clothing";"bronze";"59,400";"48";"10th century"
"C1024";"bone fragment";"common find";"bone";"3,500";"20";"10th century"
"C2160";"textile fragment";"clothing";"textile";"25,700";"47";"9th century"
"C1913";"belt buckle";"clothing";"copper alloy";"86,400";"52";"9th-10th century"
"C1140";"pin";"clothing";"copper alloy";"5,100";"fragment";"medieval"
"C1678";"pottery vessel";"common find";"ceramic";"785,200";"238";"9th-10th century"
"C1766";"textile fragment";"clothing";NA;"13,300";"56";"early medieval"
"C1037";"shield boss";"weapons and armour";"bronze";"184,100";"152";"9th-10th century"
"C1347";"fibula";"clothing";"bronze";"23,900";"64";"10th century"
"C2173";"textile fragment";"clothing";"textile";"19,900";"fragment";"9th century"
"C1741";"axe";"tools";"iron";NA;NA;"10th century"
"C1469";"shield boss";"weapons and armour";"bronze";"349,500";"167";"9th-10th century"
"C1515";"bone comb";"clothing";NA;"21,400";"130";"medieval"
"C1402";"pendant";"adornment";"amber";"8,900";"28";"10th century"
"C1513";"ring";"adornment";"silver";"5,100";"20";"undated"
"C1096";"axe";"tools";"iron";"676,400";"147";"10th century"
"C1911";"sword";"weapons and armour";"iron";"971,400";"689";"9th-10th century"
"C1320";"bone comb";"clothing";"bone";"14,100";"99";"9th-10th century"
"C1970";"sword";"weapons and armour";"iron";"639,000";"707";"10th century"
"C1261";"ring";"adornment";"bronze";"10,100";"26";"early medieval"
"C1193";"textile fragment";"clothing";"textile";NA;"53";"9th century"
"C1318";"bone comb";"clothing";NA;"17,700";"118";"9th-10th century"
"C2020";"ring";"adornment";"bronze";"8,000";"27";"10th century"
"C1198";"textile fragment";"clothing";"textile";"23,900";"9";"undated"
"C1337";"pendant";"adornment";"copper alloy";"8,800";"53";"Early Medieval"
"C1249";"sword";"weapons and armour";"iron";"1231,400";"746";"early medieval"
"C1486";"loom weight";"common find";"bone";"213,700";"66";"9th century"
"C1139";"pendant";"adornment";"bone";"19,000";"50";"undated"
"C2068";"loom weight";"common find";"stone";"215,200";"57";"medieval"
"C1370";"shield boss";"weapons and armour";"bronze";"345,300";"169";"10th century"
"C1421";"bracelet";"adornment";"bronze";"39,400";"69";"10th century"
"C1365";"ring";"adornment";NA;"10,100";"23";"Early Medieval"
"C1347";"bead";"adornment";"bone";"5,300";"17";"9th-10th century"
"C1990";"pin";"clothing";"copper";"9,300";"91";"9th-10th century"
"C1581";"bead";"adornment";"glass";"6,600";"15";"9th-10th century"
"C1292";"bead";"adornment";"ceramic";"2,700";"16";"Viking Age"
"C1745";"belt buckle";"clothing";"bronze";NA;"60";"Late Iron Age"
"C1997";"pin";"clothing";"bone";"13,800";"108";"9th century"
"C1422";"shield boss";"weapons and armour";"iron";"324,100";NA;"9th century"
"C1155";"bone fragment";"common find";"bone";"8,800";"26";"Viking Age"
"C1043";"loom weight";"common find";"bone";"172,700";"47";"9th-10th century"
"C1997";"bead";"adornment";"glass";"3,000";"13";"9th-10th century"
"C1816";"pendant";"adornment";"copper alloy";"14,600";"23";"Early Medieval"
"C1247";"shield boss";"weapons and armour";NA;"507,100";"77";"9th-10th century"
"C1400";"bone fragment";"common find";"bone";"25,500";"32";"early medieval"
"C2180";"loom weight";"common find";"stone";"224,700";"88";"9th-10th century"
"C1013";"pottery fragment";"common find";"ceramic";"39,400";"75";"10th century"
"C1405";"pin";"clothing";"bronze";"7,000";"fragment";"early medieval"
"C1527";"bone fragment";"common find";"bone";"1,100";"21";"early medieval"
"C1373";"shield boss";"weapons and armour";"iron";"456,400";"170";NA
"C1802";"belt buckle";"clothing";"copper alloy";"49,600";"33";"10th century"
"C1687";"belt buckle";"clothing";"copper alloy";"48,400";"2";"10th century"
"C2213";"bead";"adornment";"glass";"4,500";"14";"10th century"
"C1283";"sword";"weapons and armour";"iron";"979,300";"635";"Viking Age"
"C1718";"pin";"clothing";"copper";"7,300";NA;"early medieval"
"C1200";"shield boss";"weapons and armour";"bronze";NA;"96";"10th century"
"C1379";"pendant";"adornment";"bronze";"13,400";"48";"9th century"
"C1901";"bone comb";"clothing";"bone";"32,500";"79";"Early Medieval"
"C1945";"bone fragment";"common find";"bone";"20,400";"43";"9th century"
"C1384";"belt buckle";"clothing";"iron";"36,700";"43";"Early Medieval"
"C1952";"loom weight";"common find";"bone";"141,500";"69";"9th-10th century"
"C1445";"fibula";"clothing";"silver";"18,300";"61";"Viking Age"
"C1470";"spearhead";"weapons and armour";"iron";"308,800";"327";"10th century"
"C1703";"bone comb";"clothing";NA;"30,200";"98";"9th-10th century"
"C2168";"bracelet";"adornment";"copper alloy";"45,700";"56";"9th-10th century"
"C1610";"pin";"clothing";"copper";"10,500";"103";"early medieval"
"C1731";"sword";"weapons and armour";"iron";"666,000";"761";"Early Medieval"
"C1266";"belt buckle";"clothing";"copper alloy";"48,800";"40";"10th century"
"C1511";"spearhead";"weapons and armour";NA;"450,900";"318";"Viking Age"
"C1769";"axe";"tools";"iron";"701,000";"192";"Early Medieval"
"C1179";"pin";"clothing";"copper alloy";"10,400";"116";"Early Medieval"
"C1075";"bone comb";"clothing";"bone";"28,700";"94";"9th century"
"C1151";"knife";"tools";"";"137,500";"218";"Early Medieval"
"C1649";"bone fragment";"common find";"bone";NA;"55";"9th century"
"C1249";"axe";"tools";"iron";"550,300";"131";""
"C1663";"bone fragment";"common find";"bone";"27,200";"49";"9th-10th century"
"C1924";"bead";"adornment";"bone";"6,200";NA;"9th century"
"C2143";"sword";"weapons and armour";"iron";"1161,100";"752";"10th century"
"C1130";"pottery fragment";"common find";"ceramic";"104,700";"62";"early medieval"
"C1285";"ring";"adornment";"bronze";"3,400";"21";"Early Medieval"
"C2126";"spearhead";"weapons and armour";"iron";"408,800";"361";"9th-10th century"
"C2099";"textile fragment";"clothing";"textile";"26,900";"59";"9th century"
"C2151";"fibula";"clothing";"bronze";"10,500";"63";"Late Iron Age"
"C1911";"bone comb";"clothing";"bone";"21,900";NA;"Viking Age"
"C1170";"textile fragment";"clothing";"textile";"12,400";"91";"Early Medieval"
"C1662";"belt buckle";"clothing";"iron";"42,000";"43";"undated"
"C1923";"fibula";"clothing";"copper";"18,600";"49";"9th century"
"C1820";"pottery fragment";"common find";"ceramic";"81,600";"61";"Late Iron Age"
"C1248";"axe";"tools";"iron";"422,900";"151";"medieval"
"C1162";"fibula";"clothing";"bronze";"26,000";"39";"early medieval"
"C1207";"bead";"adornment";"ceramic";"1,400";"12";"10th century"
"C1881";"bead";"adornment";"ceramic";"6,600";"10";"9th century"
"C1037";"sword";"weapons and armour";"iron";"800,200";"738";"early medieval"
"C2181";"textile fragment";"clothing";"textile";"26,100";"15";""
"C1716";"pendant";"adornment";"silver";"5,600";"38";"Viking Age"
"C1981";"bead";"adornment";"amber";"9,900";"7";"10th century"
"C1558";"bone fragment";"common find";"bone";"23,400";"43";"9th century"
"C1401";"belt buckle";"clothing";"";"25,800";"43";"9th century"
"C2123";"axe";"tools";"iron";"410,500";"228";"Early Medieval"
"C2164";"bead";"adornment";"amber";"5,000";"17";""
"C1429";"bone comb";"clothing";"bone";"18,600";"117";"9th century"
"C1878";"belt buckle";"clothing";"iron";"34,900";"36";"9th-10th century"
"C1094";"bracelet";"adornment";"bronze";"8,000";"58";"9th-10th century"
"C1922";"loom weight";"common find";"ceramic";"115,300";"72";"Viking Age"
"C1561";"sword";"weapons and armour";"";"914,200";"828";"9th century"
"C1022";"belt buckle";"clothing";"bronze";"57,600";"45";"9th-10th century"
"C2058";"textile fragment";"clothing";"textile";"18,000";"54";"9th-10th century"
"C2084";"bracelet";"adornment";"copper alloy";"32,200";"fragment";""
"C1620";"fibula";"clothing";"copper alloy";"17,700";"60";"10th century"
"C1148";"bone fragment";"common find";"bone";"12,200";"43";"10th century"
"C1737";"ring";"adornment";"bronze";"7,100";"19";"Early Medieval"
"C1792";"bone comb";"clothing";"bone";"2,700";"68";"9th-10th century"
"C1503";"bead";"adornment";"amber";NA;"16";"Early Medieval"
"C1640";"bead";"adornment";"ceramic";"5,300";"14";"10th century"
"C1945";"axe";"tools";"iron";"641,500";"186";"9th-10th century"
"C1505";"knife";"tools";"iron";"63,000";"195";"Early Medieval"
"C1681";"pendant";"adornment";"bronze";"5,400";"48";"Late Iron Age"
"C1467";"bone fragment";"common find";"";"14,000";"58";""
"C2085";"pin";"clothing";"copper alloy";"6,900";"83";"9th century"
"C1181";"pottery fragment";"common find";"ceramic";"75,000";"69";"9th-10th century"
"C1706";"ring";"adornment";"copper alloy";"15,500";NA;"9th-10th century"
"C1122";"sword";"weapons and armour";"iron";"918,800";"677";"9th-10th century"
"C1997";"sword";"weapons and armour";"iron";"971,200";"677";"9th century"
"C1982";"shield boss";"weapons and armour";"iron";"453,200";"133";"early medieval"
"C1175";"belt buckle";"clothing";"copper alloy";"49,000";"40";"early medieval"
"C2051";"pottery vessel";"common find";"ceramic";"799,500";"271";"9th century"
"C1955";"fibula";"clothing";"copper alloy";"16,600";"42";"early medieval"
"C1294";"pin";"clothing";"bronze";"10,000";"61";"9th century"
"C1117";"shield boss";"weapons and armour";"bronze";"310,500";"164";"Viking Age"
"C1154";"axe";"tools";"";"398,800";"287";"9th century"
"C1862";"belt buckle";"clothing";"iron";"59,800";"38";"9th-10th century"
"C1171";"pendant";"adornment";NA;"14,800";"48";"Early Medieval"
"C1123";"bracelet";"adornment";"bronze";"42,100";"80";""
"C2128";"loom weight";"common find";"stone";"134,100";"78";"undated"
"C1533";"bone comb";"clothing";"";"24,000";"118";"Late Iron Age"
"C1294";"fibula";"clothing";"copper alloy";"12,400";"29";"Early Medieval"
"C1815";"bracelet";"adornment";"copper alloy";"4,500";"81";"9th century"
"C1561";"fibula";"clothing";"copper";"8,300";"43";"10th century"
"C1797";"pottery vessel";"common find";"ceramic";"476,900";"216";"early medieval"
"C2055";"belt buckle";"clothing";"bronze";"39,300";"42";"9th century"
"C1266";"pottery fragment";"common find";"ceramic";"123,500";"71";"9th-10th century"
"C2045";"knife";"tools";"iron";"132,800";"155";"Early Medieval"
"C1710";"ring";"adornment";"silver";"9,600";"23";"10th century"
"C1654";"pottery fragment";"common find";"ceramic";"110,300";"94";"early medieval"
"C1639";"fibula";"clothing";"bronze";NA;"56";"medieval"
"C1085";"axe";"tools";"iron";"745,100";"fragment";"10th century"
"C1641";"loom weight";"common find";"bone";"223,900";NA;"Viking Age"
"C1045";"ring";"adornment";"bronze";"5,900";"24";"9th century"
"C1652";"pottery fragment";"common find";"ceramic";"121,900";"74";"medieval"
"C1408";"ring";"adornment";"bronze";"6,900";"19";"10th century"
"C1504";"bead";"adornment";"amber";"0,400";"19";"9th-10th century"
"C1662";"pendant";"adornment";"silver";"4,500";"29";"9th century"
"C1417";"belt buckle";"clothing";"iron";"52,900";"49";"10th century"
"C1310";"axe";"tools";"iron";"591,500";"143";"9th century"
"C1025";"loom weight";"common find";"bone";"192,800";"95";"early medieval"
"C1955";"pendant";"adornment";"bronze";"1,900";"36";"early medieval"
"C1379";"belt buckle";"clothing";"iron";"64,300";"62";"10th century"
"C1554";"sword";"weapons and armour";"iron";"1200,100";"663";"9th-10th century"
"C1612";"knife";"tools";"iron";"100,200";"162";"Early Medieval"
"C1587";"belt buckle";"clothing";NA;NA;NA;"Early Medieval"
"C1683";"pendant";"adornment";"bronze";"8,500";"35";"10th century"
"C1137";"spearhead";"weapons and armour";"iron";"314,100";"327";"Early Medieval"
"C1104";"spearhead";"weapons and armour";"bronze";"310,500";"345";"Viking Age"
"C1649";"loom weight";"common find";"stone";"217,800";"102";"9th-10th century"
"C2139";"sword";"weapons and armour";"iron";"910,900";"731";"10th century"
"C1347";"textile fragment";"clothing";"textile";NA;"42";"10th century"
"C1337";"sword";"weapons and armour";"iron";"761,900";"787";"10th century"
"C1786";"ring";"adornment";"bronze";"9,000";"24";"early medieval"
"C1076";"bracelet";"adornment";"bronze";"9,500";"71";"10th century"
"C1267";"bead";"adornment";"bone";"4,900";"19";"10th century"
"C2190";"belt buckle";"clothing";"copper alloy";"56,900";NA;"10th century"
"C1890";"bracelet";"adornment";"copper alloy";"25,100";"73";"Viking Age"
"C1308";"sword";"weapons and armour";"iron";NA;"789";"Early Medieval"
"C1899";"bone comb";"clothing";"bone";"26,800";"143";"Early Medieval"
"C2204";"loom weight";"common find";"ceramic";"115,800";"65";"9th-10th century"
"C1359";"pin";"clothing";"bronze";"10,200";"126";"Late Iron Age"
"C1831";"fibula";"clothing";"copper alloy";"20,100";"50";"9th century"
"C1996";"fibula";"clothing";"silver";"26,500";"50";""
"C1554";"textile fragment";"clothing";"textile";"16,000";"41";"Viking Age"
"C1116";"pottery vessel";"common find";"ceramic";"423,500";"165";"9th century"
"C1746";"loom weight";"common find";"ceramic";"247,100";"48";"9th century"
"C1572";"pottery fragment";"common find";"ceramic";"102,700";NA;"Early Medieval"
"C1838";"ring";"adornment";"copper alloy";"12,000";"19";"Early Medieval"
"C1498";"bead";"adornment";"bone";"5,500";"15";"9th-10th century"
"C1231";"fibula";"clothing";"silver";"21,700";"27";NA
"C1874";"ring";"adornment";"copper alloy";"9,300";"21";"Late Iron Age"
"C1700";"knife";"tools";"";"85,800";"169";"Viking Age"
"C2209";"knife";"tools";"iron";"114,300";"214";"early medieval"
"C1443";"axe";"tools";"iron";"518,900";"127";"9th-10th century"
"C1547";"bracelet";"adornment";"bronze";"29,600";"76";"Viking Age"
"C1887";"bead";"adornment";"ceramic";"4,800";"12";"Early Medieval"
"C1857";"bone comb";"clothing";"bone";"38,900";"fragment";"9th century"
"C2119";"knife";"tools";"iron";"200,000";"128";"early medieval"
"C2159";"bracelet";"adornment";"copper alloy";"36,100";"80";"early medieval"
"C1824";"shield boss";"weapons and armour";"iron";"216,400";"110";"9th-10th century"
"C1498";"belt buckle";"clothing";"copper alloy";"57,500";"64";"Viking Age"
"C1046";"shield boss";"weapons and armour";"iron";"254,000";"188";"Early Medieval"
"C1822";"pottery fragment";"common find";"ceramic";"4,000";"66";"9th century"
"C1599";"pendant";"adornment";"copper alloy";"11,900";"33";"Early Medieval"
"C1232";"pin";"clothing";"bone";"6,700";"96";"9th century"
"C2127";"axe";"tools";"iron";"522,900";"168";NA
"C1818";"bead";"adornment";"glass";"2,300";"13";"10th century"
"C2124";"pendant";"adornment";"amber";"7,700";"13";"medieval"
"C1958";"pendant";"adornment";"bone";"2,200";"31";"9th-10th century"
"C1525";"belt buckle";"clothing";"iron";"53,900";"42";"9th-10th century"
"C1318";"bracelet";"adornment";"copper alloy";"23,200";"58";"Viking Age"
"C1663";"bone fragment";"common find";"bone";"16,100";"14";"Early Medieval"
"C1944";"pin";"clothing";"copper";"9,100";"68";"9th century"
"C1835";"bead";"adornment";"glass";"3,900";NA;"10th century"
"C1417";"spearhead";"weapons and armour";"iron";"297,900";NA;"Viking Age"
"C1880";"textile fragment";"clothing";"textile";"29,600";"81";"9th century"
"C1484";"spearhead";"weapons and armour";"iron";"572,600";"309";"Early Medieval"
"C1263";"pendant";"adornment";"bone";"10,300";"46";"Viking Age"
"C2144";"bead";"adornment";NA;"5,300";"14";"9th-10th century"
"C1555";"textile fragment";"clothing";"textile";"34,600";"41";"Early Medieval"
"C1881";"shield boss";"weapons and armour";"iron";"486,800";NA;"9th century"
"C2078";"bead";"adornment";"ceramic";"4,400";"14";"9th-10th century"
"C2061";"spearhead";"weapons and armour";"iron";"354,000";"196";"Early Medieval"
"C2123";"ring";"adornment";"bronze";"9,200";"28";"9th-10th century"
"C2133";"spearhead";"weapons and armour";"iron";"274,600";"172";"early medieval"
"C1489";"loom weight";"common find";"bone";"162,100";"51";"10th century"
"C1514";"pendant";"adornment";"";"14,800";"36";"9th century"
"C2134";"loom weight";"common find";"stone";"220,500";"57";NA
"C1561";"spearhead";"weapons and armour";"bronze";"353,300";"369";"9th century"
"C1707";"fibula";"clothing";"copper alloy";"12,600";"44";"9th-10th century"
"C1080";"pendant";"adornment";"bronze";"9,000";"25";"early medieval"
"C1598";"pin";"clothing";"copper alloy";"11,700";"89";"early medieval"
"C1627";"spearhead";"weapons and armour";"bronze";"363,800";"251";"Viking Age"
"C2004";"loom weight";"common find";"bone";"144,900";"69";"9th century"
"C1263";"ring";"adornment";"silver";"15,000";"24";"Late Iron Age"
"C2002";"knife";"tools";"iron";"83,400";"165";"9th-10th century"
"C1010";"pin";"clothing";"copper alloy";"11,400";"73";"Early Medieval"
"C1806";"bead";"adornment";NA;"7,600";"11";"10th century"
"C1204";"pendant";"adornment";"copper alloy";"16,000";"42";"early medieval"
"C1189";"bracelet";"adornment";"copper alloy";"25,400";"64";"medieval"
"C1033";"loom weight";"common find";"stone";"185,000";"67";"9th-10th century"
"C1472";"sword";"weapons and armour";"iron";"854,400";"593";"10th century"
"C1270";"ring";"adornment";"bronze";"5,000";NA;"10th century"
"C1226";"bone fragment";"common find";"bone";"14,700";"79";"Early Medieval"
"C1136";"knife";"tools";"iron";"89,600";"195";"Late Iron Age"
"C1618";"bead";"adornment";"amber";"4,700";"5";"9th-10th century"
"C1202";"bone fragment";"common find";"bone";"19,800";"53";"Late Iron Age"
"C1058";"bead";"adornment";"bone";"3,100";"9";"9th century"
"C1192";"ring";"adornment";"bronze";"4,100";"20";"early medieval"
"C1801";"pottery fragment";"common find";"ceramic";"20,300";"55";"Late Iron Age"
"C1677";"knife";"tools";"iron";"65,300";"168";"Early Medieval"
"C1797";"pottery vessel";"common find";"ceramic";"507,900";"205";"9th century"
"C1719";"bone fragment";"common find";"bone";"0,400";"fragment";"early medieval"
"C1409";"axe";"tools";"iron";"508,100";"133";"9th century"
"C1465";"sword";"weapons and armour";"iron";"1042,100";"646";"9th-10th century"
"C1294";"spearhead";"weapons and armour";"bronze";"327,100";"247";"9th century"
"C1866";"textile fragment";"clothing";"textile";"4500,000";"56";"Viking Age"
"C1642";"fibula";"clothing";"copper";"19,900";"12";"9th-10th century"
"C1061";"bone fragment";"common find";"bone";"31,400";"37";"Late Iron Age"
"C1508";"bone comb";"clothing";"bone";"27,400";"136";"10th century"
"C2162";"textile fragment";"clothing";"textile";"16,200";"29";"9th-10th century"
"C1350";"bone fragment";"common find";NA;"14,000";"58";"9th-10th century"
"C2079";"ring";"adornment";"copper alloy";"10,900";"20";"10th century"
"C1593";"pendant";"adornment";"amber";"10,600";"21";"Viking Age"
"C1507";"axe";"tools";"iron";"629,400";NA;"9th century"
"C1071";"pottery vessel";"common find";"ceramic";"605,600";"242";"9th-10th century"
"C1277";"pottery fragment";"common find";"ceramic";"123,600";"76";"Early Medieval"
"C1480";"textile fragment";"clothing";NA;"16,400";NA;"9th-10th century"
"C1713";"shield boss";"weapons and armour";"iron";"142,100";"186";"early medieval"
"C1241";"pin";"clothing";"copper";"9,600";"54";"9th century"
"C1366";"bead";"adornment";"glass";"3,200";"16";"10th century"
"C2003";"ring";"adornment";"copper alloy";"10,600";"21";"early medieval"
"C1435";"shield boss";"weapons and armour";"bronze";"369,700";"100";"10th century"
"C1027";"ring";"adornment";"";"7,000";"22";"Early Medieval"
"C1319";"belt buckle";"clothing";"bronze";"28,700";"51";"10th century"
"C1403";"belt buckle";"clothing";"copper alloy";NA;"53";"early medieval"
"C1277";"bone comb";"clothing";"bone";"19,700";"125";"Early Medieval"
"C1820";"spearhead";"weapons and armour";"iron";"438,700";"233";"10th century"
"C1370";"textile fragment";"clothing";"textile";"21,000";"62";"9th-10th century"
"C1278";"fibula";"clothing";"bronze";"5,900";"41";"9th century"
"C1399";"pottery fragment";"common find";"ceramic";"53,600";"47";"9th-10th century"
"C1817";"pendant";"adornment";NA;"10,700";"16";"9th-10th century"
"C1566";"pin";"clothing";"bone";"2,300";"57";"Viking Age"
"C1247";"loom weight";"common find";"bone";"194,100";"108";"Viking Age"
"C1111";"pottery vessel";"common find";"ceramic";"681,400";"244";"Viking Age"
"C1975";"belt buckle";"clothing";"copper alloy";"86,800";"57";"undated"
"C1070";"pottery vessel";"common find";"ceramic";NA;"255";"10th century"
"C1925";"knife";"tools";NA;"135,100";"154";"10th century"
"C2010";"pottery fragment";"common find";"ceramic";"29,900";"58";"Early Medieval"
"C1864";"shield boss";"weapons and armour";"iron";"356,100";"154";"Viking Age"
"C1912";"knife";"tools";"iron";"102,600";"229";"Viking Age"
"C1104";"loom weight";"common find";"bone";"202,700";"94";"9th century"
"C1638";"bead";"adornment";"glass";"6,500";"3";""
"C1505";"textile fragment";"clothing";NA;"19,300";"88";"Early Medieval"
"C2106";"bead";"adornment";"glass";"6,200";"18";""
"C1787";"textile fragment";"clothing";"textile";"19,600";"82";"Late Iron Age"
"C1182";"pottery fragment";"common find";"ceramic";"105,300";"50";"Late Iron Age"
"C1165";"textile fragment";"clothing";"textile";"22,000";"45";"10th century"
"C1366";"pottery fragment";"common find";"ceramic";"20,500";"45";"9th century"
"C1633";"spearhead";"weapons and armour";"bronze";"437,800";"345";"9th-10th century"
"C2066";"belt buckle";"clothing";"bronze";"45,200";"62";"Late Iron Age"
"C1573";"bone fragment";"common find";"bone";"10,700";"25";"9th century"
"C1776";"pendant";"adornment";"bronze";"16,200";"54";"early medieval"
"C1066";"sword";"weapons and armour";"iron";"689,300";"789";"9th-10th century"
"C1389";"sword";"weapons and armour";"iron";"938,600";"652";NA
"C1182";"pottery fragment";"common find";"ceramic";"100,200";"66";"9th-10th century"
"C1197";"textile fragment";"clothing";"textile";"30,500";"60";"9th century"
"C1030";"shield boss";"weapons and armour";"iron";"238,200";"182";"9th-10th century"
"C1332";"bead";"adornment";"bone";"6,300";"12";"9th century"
"C1269";"pin";"clothing";"bronze";"9,000";"114";"early medieval"
"C1656";"bracelet";"adornment";"copper alloy";"11,400";"84";"Late Iron Age"
"C1745";"textile fragment";"clothing";"textile";"27,100";"54";"9th century"
"C1368";"pottery fragment";"common find";"ceramic";"54,700";"fragment";"9th century"
"C1056";"pottery fragment";"common find";"ceramic";"63,900";"64";"early medieval"
"C2177";"sword";"weapons and armour";"iron";"880,400";"758";"9th-10th century"
"C2041";"pottery vessel";"common find";"ceramic";"622,300";"205";"early medieval"
"C1746";"pottery fragment";"common find";"ceramic";"68,400";"44";"early medieval"
"C1767";"bone fragment";"common find";"bone";"36,600";"fragment";"early medieval"
"C1552";"sword";"weapons and armour";"iron";"738,400";"836";"Viking Age"
"C1340";"axe";"tools";"iron";"405,800";"205";"10th century"
"C1826";"sword";"weapons and armour";"iron";"993,700";"875";"9th-10th century"
"C1654";"pin";"clothing";"bone";"7,000";"71";NA
"C1237";"loom weight";"common find";"ceramic";"120,000";"102";"early medieval"
"C1405";"pottery fragment";"common find";"ceramic";"70,000";"116";"Viking Age"
"C2114";"pendant";"adornment";"bone";NA;"23";"9th century"
"C1239";"knife";"tools";"iron";"108,200";"fragment";"medieval"
"C1293";"shield boss";"weapons and armour";"iron";"249,600";"143";"Viking Age"
"C2079";"spearhead";"weapons and armour";"bronze";"302,200";"282";"Late Iron Age"
"C1061";"fibula";"clothing";"bronze";"18,700";"57";"9th century"
"C1349";"bone comb";"clothing";"bone";"9,700";"118";"Late Iron Age"
"C1370";"bead";"adornment";"bone";"2,400";"11";"9th-10th century"
"C1192";"bracelet";"adornment";"bronze";"31,000";"73";"9th-10th century"
"C1966";"pin";"clothing";"bone";"18,400";"70";"10th century"
"C2065";"fibula";"clothing";"bronze";"11,300";"69";"9th-10th century"
"C1587";"ring";"adornment";"copper alloy";"3,100";"fragment";"9th-10th century"
"C1247";"bracelet";"adornment";"copper alloy";"14,400";"98";"Early Medieval"
"C2138";"bead";"adornment";"ceramic";"4,400";"9";"9th-10th century"
"C1827";"bracelet";"adornment";"copper alloy";"31,800";"94";"10th century"
"C1573";"pottery fragment";"common find";"ceramic";"111,000";"65";"Early Medieval"
"C2154";"sword";"weapons and armour";"iron";"1395,000";"656";"Early Medieval"
"C1345";"shield boss";"weapons and armour";"iron";"295,100";"139";"10th century"
"C2022";"bone fragment";"common find";"bone";"13,500";"48";"9th-10th century"
"C1998";"belt buckle";"clothing";"copper alloy";"47,800";"55";"9th century"
"C1584";"spearhead";"weapons and armour";"iron";"360,000";"278";"Early Medieval"
"C1647";"shield boss";"weapons and armour";"iron";"180,000";"159";"9th-10th century"
"C2113";"spearhead";"weapons and armour";"bronze";NA;"248";"9th century"
"C1330";"pottery fragment";"common find";"";"123,900";"54";"Viking Age"
"C1205";"spearhead";"weapons and armour";"bronze";"489,300";"405";"9th century"
"C1619";"loom weight";"common find";NA;"135,300";"73";"Early Medieval"
"C1734";"bone fragment";"common find";"bone";"18,700";"12";"9th-10th century"
"C1641";"pin";"clothing";"copper";"12,700";"88";"10th century"
"C2123";"spearhead";"weapons and armour";"bronze";"384,400";"409";"9th century"
"C1019";"pin";"clothing";"copper alloy";"7,900";"49";"early medieval"
"C1049";"pottery vessel";"common find";"ceramic";"636,300";"267";"undated"
"C1608";"spearhead";"weapons and armour";"bronze";"359,900";"307";"Early Medieval"
"C1549";"knife";"tools";"iron";"147,800";"184";"Viking Age"
"C1062";"ring";"adornment";"copper alloy";"9,900";"20";"9th century"
"C2082";"loom weight";"common find";"";"182,300";"57";"9th century"
"C1407";"bone comb";"clothing";"bone";NA;"78";"early medieval"
"C2071";"textile fragment";"clothing";"textile";"25,100";"42";"10th century"
"C1527";"bead";"adornment";"glass";"3,400";"13";"early medieval"
"C1916";"fibula";"clothing";"silver";"10,700";"54";"medieval"
"C1757";"bone fragment";"common find";"bone";"9,700";"67";"Viking Age"
"C1532";"sword";"weapons and armour";"iron";"789,500";"803";"9th-10th century"
"C1320";"textile fragment";"clothing";"textile";"23,800";NA;"10th century"
"C2037";"ring";"adornment";"bronze";"7,100";"21";"early medieval"
"C1476";"shield boss";"weapons and armour";"bronze";"319,200";"158";"Early Medieval"
"C2062";"pottery fragment";"common find";"ceramic";"135,000";"28";"Early Medieval"
"C1098";"pin";"clothing";"bone";"7,300";"100";"9th century"
"C1998";"ring";"adornment";"bronze";"8,400";"22";"9th-10th century"
"C2169";"knife";"tools";"iron";"106,600";"113";"Viking Age"
"C1481";"pin";"clothing";"copper";"11,500";"94";"9th-10th century"
"C2079";"bone fragment";"common find";"bone";"17,600";"65";"9th century"
"C1647";"pendant";"adornment";"copper alloy";"14,000";"33";"undated"
"C2185";"sword";"weapons and armour";"iron";"1044,100";"708";"9th century"
"C1489";"pottery vessel";"common find";"ceramic";"726,500";"140";"9th-10th century"
"C1696";"bone fragment";"common find";"bone";"14,300";"10";"9th-10th century"
"C1091";"bone fragment";"common find";"bone";"0,200";"3";"9th century"
"C1866";"pin";"clothing";"copper";"13,300";"91";"early medieval"
"C1620";"sword";"weapons and armour";"iron";"1069,700";"758";"10th century"
"C2194";"bead";"adornment";"ceramic";"5,800";"11";"Early Medieval"
"C1719";"knife";"tools";"iron";"102,200";NA;"9th-10th century"
"C1385";"pendant";"adornment";"amber";"12,400";"42";"10th century"
"C1452";"knife";"tools";"iron";"128,800";"191";"early medieval"
"C1541";"bracelet";"adornment";"bronze";"25,300";"60";"Early Medieval"
"C1061";"pottery fragment";"common find";"ceramic";"37,400";NA;"Viking Age"
"C1802";"bracelet";"adornment";"bronze";"28,100";"63";"9th-10th century"
"C1268";"axe";"tools";"iron";"502,600";NA;"9th century"
"C1938";"belt buckle";"clothing";"iron";"42,800";"42";"undated"
"C1228";"fibula";"clothing";"silver";"17,600";"47";"Viking Age"
"C1658";"pendant";"adornment";"bone";"7,500";"31";"Viking Age"
"C1835";"pottery fragment";"common find";"ceramic";"131,900";"51";"early medieval"
"C1700";"pottery vessel";"common find";"ceramic";"581,700";"391";"Viking Age"
"C1566";"fibula";"clothing";"copper";"18,500";NA;"9th century"
"C1514";"bead";"adornment";"amber";"5,200";"10";"early medieval"
"C1408";"belt buckle";"clothing";"iron";"49,800";"51";"Early Medieval"
"C1791";"pendant";"adornment";"bone";"18,600";"30";NA
"C1800";"belt buckle";"clothing";"copper alloy";"34,100";"47";"Early Medieval"
"C1090";"pottery vessel";"common find";"ceramic";"578,100";"fragment";"10th century"
"C1512";"bead";"adornment";"ceramic";"6,400";"9";"9th-10th century"
"C1620";"belt buckle";"clothing";"bronze";"46,300";"56";"9th century"
"C1491";"belt buckle";"clothing";"copper alloy";"56,800";"52";"9th century"
"C1907";"textile fragment";"clothing";"textile";"11,000";NA;"early medieval"
"C2133";"bone fragment";"common find";"bone";"18,300";"31";"Viking Age"
"C1524";"bead";"adornment";"ceramic";"7,600";"13";"Early Medieval"
"C2090";"pottery fragment";"common find";"ceramic";"57,700";NA;"10th century"
"C1441";"axe";"tools";"iron";"697,400";"170";"Late Iron Age"
"C1243";"pin";"clothing";"copper";"8,200";"55";"9th-10th century"
"C1887";"pottery fragment";"common find";"ceramic";"51,900";"69";"early medieval"
"C1156";"axe";"tools";"iron";"554,300";"155";"Early Medieval"
"C1891";"pottery fragment";"common find";"ceramic";NA;"46";"medieval"
"C2096";"fibula";"clothing";"silver";"29,300";"34";"early medieval"
"C1417";"loom weight";"common find";"stone";"122,400";"40";"9th century"
"C1432";"fibula";"clothing";"copper";"15,600";"50";"Early Medieval"
"C2091";"ring";"adornment";NA;"6,800";"25";"9th-10th century"
"C2059";"bone fragment";"common find";"bone";"14,200";"32";"Late Iron Age"
"C1594";"textile fragment";"clothing";"textile";"37,600";"48";"9th-10th century"
"C1912";"knife";"tools";"iron";"96,800";"169";"10th century"
"C1204";"shield boss";"weapons and armour";"bronze";"333,200";"153";"9th-10th century"
"C1673";"loom weight";"common find";"stone";"263,500";"76";"9th century"
"C1644";"pottery fragment";"common find";"ceramic";"72,200";"103";"9th-10th century"
"C1542";"spearhead";"weapons and armour";"iron";"427,100";"399";"10th century"
"C2147";"shield boss";"weapons and armour";"iron";"215,100";"147";"9th century"
"C2094";"pottery fragment";"common find";"ceramic";"74,200";"41";"Late Iron Age"
"C1630";"bone fragment";"common find";"bone";"17,500";"36";"9th century"
"C2121";"ring";"adornment";"copper alloy";"7,800";"20";"9th century"
"C1117";"pendant";"adornment";"silver";"15,000";"42";"10th century"
"C1625";"bead";"adornment";"bone";"7,400";"16";"early medieval"
"C1716";"spearhead";"weapons and armour";"iron";"427,200";NA;"9th century"
"C1492";"axe";"tools";"iron";"689,000";"125";"Late Iron Age"
"C2164";"bracelet";"adornment";"copper alloy";"24,900";"fragment";"10th century"
"C1852";"shield boss";"weapons and armour";"bronze";"347,100";"176";NA
"C1153";"bracelet";"adornment";"copper alloy";NA;"70";"Early Medieval"
"C1779";"pottery vessel";"common find";"ceramic";"590,800";"fragment";"9th-10th century"
"C1868";"belt buckle";"clothing";"bronze";"0,108";"35";"9th century"
"C1810";"belt buckle";"clothing";"bronze";"53,600";"56";"9th century"
"C1485";"bone comb";"clothing";"bone";"11,100";"49";"early medieval"
"C2045";"sword";"weapons and armour";"iron";"829,600";"677";"Early Medieval"
"C1737";"belt buckle";"clothing";"bronze";"78,500";"56";"Viking Age"
"C1069";"loom weight";"common find";"ceramic";"266,000";"51";"9th century"
"C2208";"pottery vessel";"common find";"ceramic";NA;"245";""
"C1210";"fibula";"clothing";"copper";"15,200";"43";"Late Iron Age"
"C1419";"bracelet";"adornment";"bronze";"26,500";"60";"Late Iron Age"
"C2188";"ring";"adornment";"silver";"5,300";"23";"medieval"
"C1223";"textile fragment";"clothing";"textile";"20,500";"103";"early medieval"
"C2101";"pottery vessel";"common find";"ceramic";"456,600";"308";"10th century"
"C1185";"pendant";"adornment";"amber";"13,400";"40";"10th century"
"C1051";"bone comb";"clothing";"bone";"15,800";"99";"9th century"
"C1107";"loom weight";"common find";"stone";"212,500";"43";"Viking Age"
"C1823";"bone fragment";"common find";"bone";"7,900";"11";"Late Iron Age"
"C1376";"shield boss";"weapons and armour";"bronze";"251,600";"181";"9th century"
"C1872";"bracelet";"adornment";"copper alloy";"28,100";"72";"9th-10th century"
"C1742";"belt buckle";"clothing";"copper alloy";NA;"41";"10th century"
"C1378";"bone fragment";"common find";"bone";"23,200";"29";"9th century"
"C1386";"fibula";"clothing";"silver";"17,200";"53";"10th century"
"C1176";"ring";"adornment";"bronze";"9,700";NA;"Early Medieval"
"C2013";"axe";"tools";"iron";NA;"226";"9th century"
"C1130";"spearhead";"weapons and armour";"iron";"516,900";"280";NA
"C1077";"spearhead";"weapons and armour";"bronze";"258,300";"fragment";"Early Medieval"
"C1941";"pottery fragment";"common find";"ceramic";"108,900";"27";"9th-10th century"
"C1404";"bracelet";"adornment";"copper alloy";"11,100";"81";"Viking Age"
"C1508";"pottery fragment";"common find";"ceramic";"103,900";"83";"10th century"
"C1349";"spearhead";"weapons and armour";"iron";"296,700";"271";"10th century"
"C1613";"ring";"adornment";"bronze";"6,900";"24";"9th-10th century"
"C1292";"fibula";"clothing";"silver";"13,400";"37";"early medieval"
"C2104";"loom weight";"common find";"ceramic";"237,800";"65";"9th century"
"C1802";"textile fragment";"clothing";"textile";"14,500";"47";""
"C1452";"ring";"adornment";"copper alloy";"10,800";"18";"Early Medieval"
"C1087";"pottery fragment";"common find";"ceramic";"74,300";"55";"10th century"
"C1588";"bracelet";"adornment";"bronze";"20,700";"fragment";"Viking Age"
"C1364";"textile fragment";"clothing";"textile";"22,000";"78";"Early Medieval"
"C1938";"loom weight";"common find";"ceramic";"155,400";"82";"10th century"
"C1859";"pottery vessel";"common find";"ceramic";"675,700";"248";"Viking Age"
"C1444";"axe";"tools";"iron";"838,400";"fragment";"early medieval"
"C2199";"knife";"tools";"iron";"101,300";"135";"9th century"
"C1344";"belt buckle";"clothing";"iron";"20,200";"49";"10th century"
"C1285";"bone fragment";"common find";"bone";"12,200";"62";"10th century"
"C1232";"bead";"adornment";"glass";"3,700";NA;"9th-10th century"
"C1355";"axe";"tools";"iron";"554,300";"188";"Early Medieval"
"C1266";"pendant";"adornment";"bone";"17,200";"49";"early medieval"
"C1529";"pin";"clothing";"copper";"2,100";"104";"9th-10th century"
"C1438";"fibula";"clothing";"";"15,800";"39";"9th-10th century"
"C1163";"bone fragment";"common find";"bone";"11,900";NA;"Early Medieval"
"C1909";"pin";"clothing";"copper";"12,600";"96";"9th century"
"C1975";"fibula";"clothing";"bronze";"17,200";"36";"Viking Age"
"C1688";"pottery fragment";"common find";"ceramic";"119,700";"76";"9th-10th century"
"C1677";"bone fragment";"common find";"bone";NA;"32";"Late Iron Age"
"C1388";"knife";"tools";"iron";"147,600";"191";"9th century"
"C1760";"ring";"adornment";"silver";"6,600";"21";"10th century"
"C2154";"pottery fragment";"common find";"ceramic";"63,400";"66";"Late Iron Age"
"C1646";"pin";"clothing";"copper";"10,800";"89";"Early Medieval"
"C1900";"textile fragment";"clothing";"textile";"23,600";"40";"medieval"
"C2017";"pottery vessel";"common find";"ceramic";"422,000";"243";"Early Medieval"
"C1910";"loom weight";"common find";"ceramic";"155,900";"49";"10th century"
"C1352";"pendant";"adornment";"amber";"15,600";"35";"undated"
"C1751";"belt buckle";"clothing";"iron";"24,900";"42";"Late Iron Age"
"C1771";"pendant";"adornment";"";"13,100";"42";"9th-10th century"
"C1284";"bracelet";"adornment";NA;"37,600";"80";"early medieval"
"C1019";"ring";"adornment";"silver";"9,300";"20";""
"C1483";"knife";"tools";"iron";"83,800";"165";"9th-10th century"
"C2029";"bead";"adornment";"amber";"5,900";"11";"Viking Age"
"C1608";"sword";"weapons and armour";"iron";"1055,400";"904";"10th century"
"C1290";"belt buckle";"clothing";"bronze";"51,400";"43";"9th-10th century"
"C2146";"textile fragment";"clothing";"textile";"22,300";"6";"early medieval"
"C1044";"ring";"adornment";"bronze";"5,400";"23";"9th century"
"C1193";"sword";"weapons and armour";"iron";"1026,400";"748";"10th century"
"C1223";"spearhead";"weapons and armour";"bronze";"272,500";"310";"9th-10th century"
"C1165";"bone fragment";"common find";"bone";"5,600";"62";"10th century"
"C1642";"knife";"tools";"iron";"146,400";"166";"9th century"
"C1807";"belt buckle";"clothing";"copper alloy";NA;"32";"9th-10th century"
"C1585";"spearhead";"weapons and armour";"bronze";NA;"201";"9th century"
"C1784";"spearhead";"weapons and armour";"iron";"467,200";"226";"9th century"
"C1002";"pottery vessel";"common find";NA;"570,200";"127";"9th century"
"C2014";"bracelet";"adornment";"copper alloy";"24,800";"59";"Late Iron Age"
"C1924";"sword";"weapons and armour";"iron";"879,300";"706";"Early Medieval"
"C1852";"bone fragment";"common find";"";"26,400";NA;"early medieval"
"C2073";"sword";"weapons and armour";"iron";"996,900";"812";"Late Iron Age"
"C2039";"belt buckle";"clothing";"bronze";"47,400";"48";"Early Medieval"
"C1384";"knife";"tools";"iron";"100,600";"170";"Viking Age"
"C1916";"belt buckle";"clothing";"bronze";"42,100";"60";"10th century"
"C1711";"loom weight";"common find";"";"238,200";"fragment";"Viking Age"
"C2089";"shield boss";"weapons and armour";"iron";"293,600";"135";"9th century"
"C1033";"pendant";"adornment";"copper alloy";"14,100";"30";NA
"C1625";"ring";"adornment";"silver";"8,500";"21";"Early Medieval"
"C2191";"loom weight";"common find";"stone";"146,200";"72";"Viking Age"
"C1305";"pendant";"adornment";"bronze";"17,900";"38";"9th century"
"C1881";"pendant";"adornment";"bone";"5,200";"40";"early medieval"
"C2133";"pottery fragment";"common find";"ceramic";"101,600";"33";"9th century"
"C1634";"axe";"tools";"iron";"609,500";"198";"9th century"
"C1600";"bone comb";"clothing";"bone";"25,900";"84";"9th-10th century"
"C1778";"bone comb";"clothing";"bone";"24,700";"111";"early medieval"
"C1022";"knife";"tools";"iron";"162,700";"155";"medieval"
"C1006";"bone comb";"clothing";"bone";"27,100";"106";"Early Medieval"
"C1972";"shield boss";"weapons and armour";"iron";"200,800";"188";"9th century"
"C2162";"pottery vessel";"common find";"ceramic";"495,200";"290";"Early Medieval"
"C2191";"spearhead";"weapons and armour";"bronze";"360,300";"231";"10th century"
"C1817";"loom weight";"common find";"stone";"240,900";"92";"9th-10th century"
"C1319";"pendant";"adornment";"bronze";NA;"14";"Viking Age"
"C1724";"pin";"clothing";"copper";"15,400";"82";"Late Iron Age"
"C1865";"sword";"weapons and armour";"iron";"892,100";"912";"9th-10th century"
"C1616";"bracelet";"adornment";"bronze";"36,600";"61";"9th-10th century"
"C1934";"bone fragment";"common find";"bone";"0,500";"39";"10th century"
"C1198";"loom weight";"common find";"stone";"177,000";"74";"9th-10th century"
"C1511";"bone fragment";"common find";"bone";"2,500";"40";"Early Medieval"
"C1126";"bracelet";"adornment";"bronze";"40,500";"62";"10th century"
"C2183";"shield boss";"weapons and armour";"bronze";"329,800";"191";"9th-10th century"
"C1691";"pottery fragment";"common find";"ceramic";"109,800";"71";"9th century"
"C1085";"loom weight";"common find";"ceramic";"131,600";"66";"9th-10th century"
"C1470";"axe";"tools";"iron";"487,600";"219";"Late Iron Age"
"C1360";"textile fragment";"clothing";"textile";"5,700";"45";"undated"
"C1627";"pendant";"adornment";"copper alloy";"12,300";"35";"9th-10th century"
"C1487";"belt buckle";"clothing";"copper alloy";"44,900";"57";NA
"C1757";"bead";"adornment";"glass";"5,000";"13";"10th century"
"C2149";"bone comb";"clothing";"bone";"29,400";"87";"Viking Age"
"C1100";"belt buckle";"clothing";"bronze";"28,200";"43";"early medieval"
"C1361";"bone comb";"clothing";"bone";"18,600";"127";"9th-10th century"
"C2165";"bone fragment";"common find";"bone";"17,500";"34";"Viking Age"
"C2009";"sword";"weapons and armour";"iron";"900,300";"878";"Early Medieval"
"C1082";"belt buckle";"clothing";"iron";NA;"33";"Early Medieval"
"C1237";"ring";"adornment";"copper alloy";"9,700";"22";"Early Medieval"
"C1162";"fibula";"clothing";"bronze";"1,100";"34";"9th-10th century"
"C1463";"knife";"tools";"iron";"90,500";"207";"9th century"
"C2081";"loom weight";"common find";"ceramic";"204,700";"65";"Viking Age"
"C1366";"pendant";"adornment";"bone";"4,200";"34";"Early Medieval"
"C1440";"loom weight";"common find";"ceramic";"74,900";"83";"9th-10th century"
"C1640";"axe";"tools";"iron";"603,700";NA;"undated"
"C1988";"textile fragment";"clothing";"textile";"26,000";"98";"Viking Age"
"C1996";"pottery fragment";"common find";"ceramic";"72,400";"70";"9th-10th century"
"C1938";"bone fragment";"common find";"bone";NA;"18";"10th century"
"C1622";"pottery vessel";"common find";"ceramic";"360,600";"204";"10th century"
"C1092";"fibula";"clothing";"silver";"20,900";"69";"9th century"
"C1099";"pendant";"adornment";"silver";"19,200";"45";"10th century"
"C1406";"knife";"tools";"iron";"155,200";"164";"Viking Age"
"C1219";"bone comb";"clothing";NA;"33,400";"102";"10th century"
"C2011";"shield boss";"weapons and armour";"iron";"296,700";"167";"10th century"
"C2212";"pottery fragment";"common find";"ceramic";"82,400";"57";"9th-10th century"
"C1812";"bead";"adornment";"bone";"6,100";"17";"9th-10th century"
"C1765";"pottery fragment";"common find";"ceramic";"62,900";"34";"Viking Age"
"C1897";"pendant";"adornment";"silver";"10,800";"50";"early medieval"
"C1526";"spearhead";"weapons and armour";"bronze";"323,900";"387";"Early Medieval"
"C1358";"ring";"adornment";"bronze";"10,800";"24";"9th-10th century"
"C1839";"pin";"clothing";"bronze";"7,500";"74";"10th century"
"C2160";"belt buckle";"clothing";"bronze";"48,700";"36";"9th century"
"C1360";"fibula";"clothing";"bronze";"32,800";"62";"10th century"
"C1548";"bone comb";"clothing";"bone";"9,600";"120";"early medieval"
"C1894";"pottery vessel";"common find";"ceramic";"625,400";"172";"10th century"
"C1092";"bead";"adornment";"bone";"2,000";"13";"medieval"
"C1966";"axe";"tools";"iron";"808,200";"232";"10th century"
"C2006";"bracelet";"adornment";"copper alloy";"40,300";"78";"Early Medieval"
"C1037";"ring";"adornment";"silver";"9,000";NA;"early medieval"
"C1770";"pottery vessel";"common find";"ceramic";"1143,600";"52";"9th century"
"C1162";"bead";"adornment";"bone";"7,500";"16";"9th century"
"C1766";"pottery fragment";"common find";"ceramic";NA;"69";"Viking Age"
"C2191";"bone comb";"clothing";"bone";"28,100";"116";"10th century"
"C1768";"bone comb";"clothing";"bone";"34,700";"101";"9th-10th century"
"C2027";"pottery fragment";"common find";"ceramic";"71,200";"55";"9th century"
"C1628";"axe";"tools";"iron";"833,700";"218";"9th-10th century"
"C1068";"belt buckle";"clothing";"bronze";"47,800";"61";"10th century"
"C1419";"sword";"weapons and armour";"iron";"1016,100";"688";"Viking Age"
"C1897";"bone comb";"clothing";"bone";"29,800";"107";"9th-10th century"
"C1528";"belt buckle";"clothing";"iron";"45,400";"45";"Early Medieval"
"C1186";"pottery fragment";"common find";"ceramic";"51,600";"79";NA
"C1823";"loom weight";"common find";"ceramic";"152,000";"62";"9th century"
"C1321";"fibula";"clothing";"copper";"5,500";"67";"9th-10th century"
"C1677";"textile fragment";"clothing";"textile";NA;"79";"early medieval"
"C1392";"fibula";"clothing";"copper";"16,300";"61";"Early Medieval"
"C1525";"pendant";"adornment";"amber";"7,800";"30";"Late Iron Age"
"C1372";"bone fragment";"common find";"bone";"8,200";"21";"medieval"
"C1384";"textile fragment";"clothing";"textile";NA;"56";"9th century"
"C1581";"loom weight";"common find";"bone";"166,100";"34";"early medieval"
"C1183";"belt buckle";"clothing";"iron";"52,600";"22";"Early Medieval"
"C2132";"ring";"adornment";"silver";"5,700";"25";"Early Medieval"
"C1492";"axe";"tools";"iron";"425,300";"148";"Early Medieval"
"C1239";"bead";"adornment";"ceramic";"3,600";"3";"10th century"
"C1296";"bone fragment";"common find";"bone";"21,200";"65";"early medieval"
"C1248";"bone fragment";"common find";"bone";"19,100";"60";"10th century"
"C1674";"bracelet";"adornment";"copper alloy";NA;"77";"9th-10th century"
"C1556";"pottery fragment";"common find";"ceramic";"106,700";"56";"10th century"
"C1937";"knife";"tools";"iron";"77,000";"130";NA
"C1209";"fibula";"clothing";"copper";"15,700";"60";"9th-10th century"
"C1336";"knife";"tools";"iron";"98,900";"121";"undated"
"C1365";"bone comb";"clothing";NA;"27,300";"85";"10th century"
"C1773";"knife";"tools";"iron";"124,800";NA;"early medieval"
"C2050";"fibula";"clothing";"bronze";"25,000";"48";"9th century"
"C1914";"pottery fragment";"common find";"ceramic";"48,100";"64";"early medieval"
"C2148";"loom weight";"common find";"bone";"172,000";"78";"9th-10th century"
"C1566";"belt buckle";"clothing";"copper alloy";"55,300";"38";"Early Medieval"
"C1929";"pin";"clothing";"bone";"9,800";"96";"10th century"
"C1476";"spearhead";"weapons and armour";"bronze";"428,000";"fragment";"10th century"
"C1412";"loom weight";"common find";"stone";"168,700";"73";"9th-10th century"
"C1896";"bone comb";"clothing";"bone";"17,400";NA;"Early Medieval"
"C2137";"fibula";"clothing";"copper";"29,300";NA;"9th-10th century"
"C2097";"shield boss";"weapons and armour";"bronze";"308,800";NA;"Early Medieval"
"C1830";"shield boss";"weapons and armour";"iron";"365,300";"191";"9th century"
"C1803";"pin";"clothing";"bronze";"9,300";"80";NA
"C1746";"spearhead";"weapons and armour";"bronze";NA;"273";"9th-10th century"
"C1204";"bracelet";"adornment";"copper alloy";"30,200";"74";"Viking Age"
"C1697";"shield boss";"weapons and armour";"bronze";"410,700";"180";"9th-10th century"
"C1510";"pendant";"adornment";"bronze";"12,800";"32";"Early Medieval"
"C1121";"pendant";"adornment";"";"17,100";"43";"9th century"
"C1075";"spearhead";"weapons and armour";"iron";"432,000";NA;"9th-10th century"
"C1571";"pottery fragment";"common find";"ceramic";"57,800";"66";"9th century"
"C1935";"bracelet";"adornment";"copper alloy";"33,600";"77";"10th century"
"C2001";"pendant";"adornment";"bone";"12,300";"33";"Late Iron Age"
"C1724";"pin";"clothing";"bone";"11,500";"79";"10th century"
"C1359";"knife";"tools";"iron";NA;"217";"9th-10th century"
"C1347";"shield boss";"weapons and armour";"bronze";"344,100";"178";"Viking Age"
"C2058";"belt buckle";"clothing";"bronze";"48,300";"32";"9th-10th century"
"C1952";"axe";"tools";"iron";"379,900";"185";"9th-10th century"
"C1214";"sword";"weapons and armour";"iron";"956,300";"683";"Early Medieval"
"C1272";"loom weight";"common find";"stone";"241,400";"69";"9th century"
"C1711";"pendant";"adornment";"amber";"12,100";"37";"Early Medieval"
"C1578";"textile fragment";"clothing";"";"23,900";"73";"Viking Age"
"C1155";"pin";"clothing";"bronze";"6,100";"76";"Late Iron Age"
"C1307";"axe";"tools";"iron";"469,400";"235";"Viking Age"
"C1741";"pendant";"adornment";"amber";"8,400";"39";"Early Medieval"
"C1649";"bone comb";"clothing";"bone";"21,400";"121";"9th-10th century"
"C1395";"pottery vessel";"common find";"ceramic";"642,900";"192";"10th century"
"C1094";"fibula";"clothing";"copper";"11,700";"59";"Viking Age"
"C1442";"textile fragment";"clothing";"textile";"13,200";"68";"early medieval"
"C1020";"textile fragment";"clothing";"textile";"19,300";"fragment";"Viking Age"
"C1592";"shield boss";"weapons and armour";"bronze";"292,000";"137";"9th century"
"C2118";"spearhead";"weapons and armour";"iron";"368,100";"279";"Early Medieval"
"C1484";"pottery vessel";"common find";"ceramic";"240,700";"230";"medieval"
"C1210";"textile fragment";"clothing";"textile";"30,500";"38";"10th century"
"C1400";"bone comb";"clothing";"bone";"31,900";"85";"9th-10th century"
"C1526";"spearhead";"weapons and armour";"bronze";"381,400";"280";"9th century"
"C1040";"knife";"tools";"iron";"102,600";"149";"9th century"
"C1679";"bone comb";"clothing";"bone";"22,300";"57";"9th-10th century"
"C1819";"knife";"tools";"iron";"133,300";"161";"9th-10th century"
"C1103";"pin";"clothing";"copper alloy";"5,900";"85";"Late Iron Age"
"C1084";"pottery vessel";"common find";"ceramic";"326,600";"194";"10th century"
"C1999";"axe";"tools";"iron";"608,800";NA;"Viking Age"
"C2063";"pottery vessel";"common find";"ceramic";"772,200";"209";"Viking Age"
"C1044";"knife";"tools";"iron";"210,300";"193";"early medieval"
"C1460";"spearhead";"weapons and armour";"iron";"432,900";"280";"10th century"
"C1471";"bead";"adornment";"glass";"3,700";"14";"Late Iron Age"
"C1205";"axe";"tools";"iron";"412,700";"115";"9th-10th century"
"C2200";"bead";"adornment";"amber";"5,100";"8";"Viking Age"
"C1221";"pottery vessel";"common find";"ceramic";"658,400";"209";"Viking Age"
"C1380";"bone comb";"clothing";"bone";"24,300";"fragment";"9th-10th century"
"C1251";"bracelet";"adornment";"copper alloy";"48,200";"66";"medieval"
"C2079";"sword";"weapons and armour";"iron";"817,700";"718";"Early Medieval"
"C1890";"ring";"adornment";"bronze";"5,800";"20";"Viking Age"
"C1257";"pottery fragment";"common find";"ceramic";NA;"78";"early medieval"
"C1199";"bracelet";"adornment";"copper alloy";"29,000";"79";"9th-10th century"
"C1721";"ring";"adornment";"bronze";"7,300";"21";"10th century"
"C2061";"pendant";"adornment";"amber";"16,900";"38";"early medieval"
"C1170";"belt buckle";"clothing";"copper alloy";"32,400";"43";"Late Iron Age"
"C1109";"ring";"adornment";"silver";"9,300";"27";"9th-10th century"
"C1035";"pottery fragment";"common find";"ceramic";"79,500";"77";"9th century"
"C1384";"bracelet";"adornment";"copper alloy";NA;"83";"10th century"
"C1019";"pottery vessel";"common find";"ceramic";"870,000";"204";"Early Medieval"
"C2069";"ring";"adornment";"bronze";"7,400";"18";"9th century"
"C1503";"bone comb";"clothing";"bone";"14,800";"102";"early medieval"
"C1746";"bone fragment";"common find";"bone";"19,400";"39";"early medieval"
"C1030";"bracelet";"adornment";"bronze";"33,300";"58";""
"C1966";"knife";"tools";"iron";"135,200";"201";"Viking Age"
"C1675";"bracelet";"adornment";"bronze";"40,600";"56";"9th-10th century"
"C1526";"bracelet";"adornment";"copper alloy";"28,600";"88";"9th century"
"C1339";"spearhead";"weapons and armour";"bronze";"382,900";"265";"10th century"
"C1549";"bone comb";"clothing";"bone";"12,800";"106";"9th-10th century"
"C1220";"pottery fragment";"common find";"";"95,700";"fragment";"10th century"
"C1315";"axe";"tools";"iron";"595,900";"160";"early medieval"
